0.74412,0,-311.2012,4,0.75128,0,-58.5,4,0.66438,0,-450,4,0.00016674,0,16533.1857,0,0,0.37518,0,0,0,0,0,0.62292,0,0,0,0,29.5317,31.2001,28.7902,0.54728,0.18252,0,0.9211,0,0.0017435,0,87.6178,0,52546.0667,7117.2528,-553724.4639,0,1324.0159,964.0167,-75000.7993,0,179.3351,5835085.3132,0,-13952.3292,0,0,33.3615,3928.6839,480,114091.6743,0,101.9896,32.739,4,950.764,0,0.84991,0.74423,0,336.5139,4,29.5408,0.0007034,0,3.2899,0,0.015161,-0.00012836,0,0.057203,0,0.00055678,0.037433,0,0.087733,0,0.068108,0.024287,0,-0.046035,0,-0.00077746,-0.022428,0,0.048472,0,0.0029034,21.9399,0,1.7658,0,-4.2405,0,0.39712,0,2.3463,0.85398,0
0.74242,0,-66.3187,4,0.75128,0,161.1,4,0.72975,0,-328.5,4,6.9572e-005,0,22225.4359,0,0,-0.81538,0,0,0,0,0,-1.0139,0,0,0,0,31.1319,32.9957,28.9986,1.453,-0.82273,0,0.99822,0,-0.0082719,0,179.384,0,58395.137,7502.9254,-124396.127,0,1392.5849,964.0167,-15983.0922,0,178.9269,264994.6077,0,-2966.5513,0,0,33.2098,4500.9539,480,101452.7891,0,93.0913,37.5079,4,845.4399,0,0.77576,0.74247,0,162.5989,4,31.1551,-0.00012728,0,4.1143,0,0.033589,0,0,-0.0076271,0,-8.0508e-005,0.037414,0,0.07485,0,0.068548,0.038441,0,-0.04792,0,-0.0074974,-0.036915,0,0.05045,0,0.0096975,1.6397,0,1.6646,0,-0.60538,0,-0.17202,0,1.7719,-0.15314,0
1,0,56.055,2,1,0,109.35,2,1,0,23.85,2,0,0,648.4772,0,0,0,0,0,0,0,0,0,0,0,0,0,26.5039,33.9341,19.0691,18.8767,0,0,0.97858,0,0,0,108.2696,0,42323.6694,3193.7723,89513.3862,0,1596.8861,241.0042,6754.7397,0,120.5021,189318.3276,0,3377.3699,0,0,60.251,5993.4243,240,23082.8603,0,120,49.9452,2,192.3572,0,1,1,0,61.5242,2,26.8547,0,0,0.71849,0,0.12492,0,0,0,0,3.3898e-006,0,0,0.073449,0,0.067207,0,0,-0.033178,0,-0.01855,0,0,0.035692,0,0.020825,0,0,2.0464,0,0,0,0.47793,0,1.8001,-0.001532,0
0.99557,0,108.4049,2,1,0,135,2,0.98167,0,64.8,2,6.2126e-005,0,702.767,0,0,0.45894,0,0,0,0,0,0.095896,0,0,0,0,23.4665,30.97,15.9489,19.2953,-0.74136,0,-0.80533,0,-0.025668,0,-93.779,0,33178.8072,2827.7608,153271.6007,0,1407.6156,241.0042,13063.0203,0,119.9682,708047.8653,0,6502.5693,0,0,59.7183,5658.8437,240,21150.9015,0,124.1153,47.157,2,176.2575,0,1.0343,0.9956,0,111.573,2,23.8707,-0.00015408,0,-0.18529,0,0.12623,0,0,-0.0038136,0,-4.2373e-006,0.039859,0,0.078945,0,0.066192,0.037656,0,-0.021724,0,-0.018637,-0.03591,0,0.023314,0,0.020915,2.4566,0,1.5403,0,-1.2069,0,-0.36649,0,1.7981,-0.00063541,0
0.98529,0,110.4412,2,1,0,168.3,2,0.97848,0,64.8,2,7.7946e-005,0,919.3033,0,0,-0.6435,0,0,0,0,0,-0.17226,0,0,0,0,31.0088,38.4026,23.5287,18.9307,-0.8364,0,0.88284,0,-0.032129,0,116.4653,0,57933.9772,3736.6203,206338.35,0,1840.8187,241.0042,13308.3916,0,118.729,734897.1491,0,6556.2819,0,0,58.491,6536.6254,240,27046.6403,0,123.405,54.4719,2,225.3887,0,1.0284,0.98532,0,114.4941,2,31.31,-0.00018087,0,0.46891,0,0.12499,0,0,0.034322,0,-3.9831e-005,0.039772,0,0.0791,0,0.068515,0.036461,0,-0.029425,0,-0.018554,-0.034589,0,0.0319,0,0.02083,2.1642,0,1.9061,0,1.0212,0,0.095052,0,1.7987,-0.012224,0
0.65198,0,-177.1799,3,0.82303,0,-20.25,3,0.20281,0,-282.6,3,0.031467,0,9398.2643,0,0,0.71917,0,0,0,0,0,12.3676,0,0,0,0,33.1008,36.1582,31.4367,2.2319,0.69069,0,0.99332,0,0.18304,0,143.8629,0,66014.9957,5983.0806,-353360.5712,0,1300.286,542.2594,-32025.8259,0,117.8477,1891444.3905,0,-6960.0824,0,0,25.6115,4814.8308,360,72367.8221,0,197.8624,40.1236,3,603.0652,0,1.6489,0.67549,0,201.7738,3,33.1343,0.0052119,0,2.0193,0,0.034682,0,0,0.034314,0,0.00088305,0.036331,0,0.083039,0,0.069059,0.0082155,0,-0.041811,0,-0.0077362,-0.0061476,0,0.044354,0,0.0099215,3.7689,0,1.5993,0,-1.4007,0,0.41826,0,1.9127,0.53906,0
0.90393,0,26.5687,2,0.91948,0,75.15,2,0.87564,0,-26.55,2,0.00022503,0,1326.4133,0,0,-0.9656,0,0,0,0,0,-0.52754,0,0,0,0,24.2776,31.2658,17.2683,16.9704,-0.95173,0,0.97119,0,-0.058814,0,145.7093,0,35511.9934,2925.4981,38863.3891,0,1322.2167,241.0042,3201.5879,0,108.925,42531.0682,0,1446.9991,0,0,49.23,5568.2026,240,23539.7937,0,117.4077,46.4017,2,196.1649,0,0.9784,0.90405,0,44.9584,2,24.6217,-0.00036845,0,0.85462,0,0.11763,0,0,-0.0038136,0,2.5424e-005,0.039054,0,0.067227,0,0.066475,0.030492,0,-0.034657,0,-0.018042,-0.028644,0,0.037128,0,0.020313,1.7373,0,1.427,0,-0.50653,0,0.23395,0,1.7832,-0.010215,0
0.86382,0,62.3437,2,0.91311,0,75.15,2,0.82303,0,18.45,2,0.00094337,0,238.5308,0,0,-0.29417,0,0,0,0,0,-0.13954,0,0,0,0,31.247,37.8829,24.3649,15.5686,-0.97188,0,0.37601,0,-0.11778,0,22.9138,0,58827.5717,3765.3275,117372.2072,0,1626.2838,241.0042,7512.5453,0,104.0922,234179.903,0,3244.7458,0,0,44.9585,6305.3713,240,15707.345,0,121.6637,52.5448,2,130.8945,0,1.0139,0.86436,0,64.2128,2,31.4931,-0.00075699,0,0.29874,0,0.1136,0,0,0,0,-8.9831e-005,0.038676,0,0.074335,0,0.068578,0.024399,0,-0.025811,0,-0.017753,-0.022511,0,0.028259,0,0.020022,1.4615,0,4.083,0,-0.10759,0,-1.3882,0,1.7959,-0.042816,0
0.81143,0,191.9437,2,1,0,275.4,2,0.71381,0,70.65,2,0.01501,0,3477.1423,0,0,0.84878,0,0,0,0,0,6.1319,0,0,0,0,23.7424,28.7675,17.2039,11.1082,-0.92764,0,-0.97144,0,-0.37878,0,-190.9196,0,33963.6323,2861.0099,274576.3748,0,1160.7577,241.0042,23129.6144,0,97.7793,2219791.594,0,9384.0566,0,0,39.6706,5031.0662,240,61791.9874,0,159.5912,41.9256,2,514.9332,0,1.3299,0.82055,0,200.725,2,23.9733,-0.002405,0,-1.7206,0,0.097173,0,0,-0.026695,0,-0.0004322,0.038154,0,0.083706,0,0.06629,0.014713,0,-0.040583,0,-0.016441,-0.012717,0,0.043066,0,0.018699,1.5768,0,2.0606,0,0.63485,0,-0.32209,0,1.9577,-0.35031,0
0.93738,0,81.7125,2,0.9442,0,91.35,2,0.91948,0,76.05,2,7.7958e-005,0,39.7465,0,0,0.36032,0,0,0,0,0,0.020057,0,0,0,0,19.2144,26.5592,12.4044,17.3948,0.70778,0,0.88382,0,0.026064,0,23.2392,0,22244.3189,2315.3777,94597.6408,0,1085.1954,241.0042,9846.5262,0,112.9564,402292.0947,0,4614.9728,0,0,52.9416,4992.8942,240,13061.0439,0,117.3211,41.6075,2,108.842,0,0.97768,0.93742,0,81.9533,2,19.6582,0.00018087,0,0.12857,0,0.11895,0,0,0,0,0.00037119,0.039357,0,0.076589,0,0.064526,0.036382,0,-0.01872,0,-0.01813,-0.034597,0,0.021122,0,0.020404,2.9451,0,1.6429,0,-1.2566,0,0.71334,0,1.79,0.077234,0
0.93531,0,88.8562,1.9333,0.9442,0,91.35,3,0.91311,0,76.95,0,0.00010035,0,22.1046,0.83585,0,-0.41921,-0.44701,0,0,-0.056597,0,-0.019744,-0.0040939,0,0,-0.24328,25.939,32.2153,19.1369,13.3029,-0.82187,0,0.75366,0.0862,-0.030028,0,12.9238,0.28744,40538.7707,3021.512,138869.0687,0,1461.7577,225.205,10350.4509,0,108.9505,475708.0177,0,5007.3777,0,0,52.7084,5551.2824,869.2515,13412.7539,0,118.5564,46.2607,7.2438,111.7729,0,0.98797,0.93537,0,88.9795,2.137,26.192,-0.00026126,0,0.10588,0.0084034,0.1099,0,0,-0.0038136,0,0.00012881,0.039338,0,0.077288,0,0.067027,0.03329,0,-0.016944,0,-0.017485,-0.031508,0,0.019361,0,0.019752,2.7096,0,4.1839,3.4898,-1.1125,0,-1.6905,-1.0609,1.9167,-0.23449,0
0.7796,0,-112.905,2.0583,0.80708,0,11.699,3,0.76722,0,-255.15,0,0.00021105,0,6764.2791,0.71085,0,-0.91246,0.45687,0,0,-0.25624,0,-1.0902,0.0055959,0,0,-17.7682,15.2612,19.8379,11.6368,5.7753,-0.84058,0,0.98495,-0.17937,-0.029347,0,194.6749,-0.36343,14032.7554,1892.6464,-103816.589,0,716.8437,255.2678,-14002.1034,0,96.6832,768051.8802,0,-5303.3253,0,0,36.619,3382.7612,868.1654,64970.2816,0,101.2494,28.1897,7.2347,541.419,0,0.84375,0.77973,0,139.4828,2.223,15.4477,-0.00028806,0,2.2424,-0.0084034,0.068917,0,0,-0.019076,0,0.00023644,0.037821,0,0.079284,0.045912,0.062607,0.033002,0,-0.042809,-0.0052015,-0.013555,-0.030703,0,0.045276,0.0072041,0.01579,2.1294,0,1.7147,4.3484,0.85096,0,-0.068315,-1.2084,1.8286,0.32599,0
0.76884,0,-3.2438,2,0.7728,0,49.95,2,0.76722,0,-108.9,2,1.4086e-006,0,2234.0569,0,0,0.28747,0,0,0,0,0,0.016126,0,0,0,0,19.9253,25.0988,14.8766,8.9669,0.43327,0,0.95486,0,0.0015398,0,135.1481,0,23920.8345,2401.0459,-3894.2263,0,923.0131,241.0042,-390.8817,0,92.6471,633.9661,0,-150.2632,0,0,35.6155,4326.8542,240,30706.6303,0,93.0663,36.0571,2,255.8886,0,0.77555,0.76884,0,47.1801,2,20.1472,-2.6798e-005,0,1.3349,0,0.085901,2.7025e-005,0,-0.015254,0,4.2373e-005,0.037705,0,0.049702,0,0.064829,0.045999,0,-0.038458,0,-0.015402,-0.047587,0,0.040915,0,0.017652,2.3469,0,2.268,0,-0.36367,0,-0.74412,0,1.7953,0.030644,0
0.76896,0,44.5125,2,0.76961,0,56.25,2,0.76722,0,12.6,2,1.1494e-006,0,167.1486,0,0,-0.48256,0,0,0,0,0,-0.0066885,0,0,0,0,25.1326,30.3052,19.9242,9.2465,-0.76492,0,0.88259,0,-0.0024937,0,34.6978,0,38057.4856,3028.5332,67403.7413,0,1164.4036,241.0042,5363.8454,0,92.6607,119378.9938,0,2062.2791,0,0,35.626,4981.9735,240,12739.0201,0,93.0656,41.5164,2,106.1585,0,0.77555,0.76896,0,46.337,2,25.3144,-2.0092e-005,0,0.29496,0,0.087235,0,0,-0.019068,0,-1.1017e-005,0.037706,0,0.071527,0,0.066764,0.046436,0,-0.025646,0,-0.015531,-0.04698,0,0.028045,0,0.017781,2.0157,0,2.9023,0,-1.0078,0,-1.0556,0,1.7963,-0.0091717,0
0.69393,0,-124.7437,3,0.69547,0,-24.75,3,0.68591,0,-178.2,3,9.2268e-006,0,2103.3924,0,0,0.46744,0,0,0,0,0,0.065119,0,0,0,0,31.7956,34.4591,29.2221,2.3482,0.67622,0,0.9435,0,0.0031476,0,66.3082,0,60911.2391,5747.1465,-238973.3755,0,1329.3794,542.2594,-22547.8092,0,125.4307,937565.4652,0,-5215.5612,0,0,29.0135,4807.0503,360,44367.2209,0,85.5687,40.0588,3,369.7268,0,0.71307,0.69394,0,132.8414,3,31.8322,8.0395e-005,0,1.2895,0,0.044008,0,0,1.8065e-016,0,2.6271e-005,0.036851,0,0.080115,0,0.068723,0.043213,0,-0.038145,0,-0.0097819,-0.039345,0,0.040611,0,0.011982,5.4318,0,2.3608,0,-1.9519,0,0.85483,0,1.8014,0.04584,0
0.83392,0,25.4549,2.3167,1,0,92.25,3,0.20281,0,2.25,0,0.1057,0,837.8712,0.67199,0,0.35659,0.4755,0,0,-0.20886,0,3.3557,0.12672,0,0,-4.9559,38.9201,44.781,31.8513,13.2022,-0.024504,0,-0.87328,0.48797,-0.028946,0,-91.8477,1.4534,91266.5219,5432.5233,59691.0806,0,1955.5193,323.364,3553.0354,0,116.3998,39039.7818,0,1278.9691,0,0,41.8999,7091.3315,894.9782,20704.5603,0,299.8601,59.0944,7.4582,172.538,0,2.4988,0.89456,0,38.4557,2.4563,39.0879,0,0,-0.73739,0.0084034,0.10865,0,0,0,0,-0.00038305,0.038382,0,0.06687,0.046897,0.070408,0.017183,0,-0.033395,-0.0050302,-0.017382,-0.015286,0,0.035841,0.0073187,0.01965,3.0632,0,2.8997,5.1043,-1.4364,0,1.2155,-1.4672,2.0184,-0.24835,1
0.95164,0,-8.2613,3,1,0,54.45,3,0.93463,0,-203.4,3,0.00038392,0,5711.5092,0,0,-0.29604,0,0,0,0,0,-0.43837,0,0,0,0,37.26,42.3421,32.0794,8.609,0.1091,0,0.90055,0,0.006272,0,199.6916,0,83647.1535,6734.8687,-18546.1821,0,2136.3839,542.2594,-1493.2499,0,172.0114,4112.0451,0,-473.6774,0,0,54.5642,6398.0753,360,50050.5026,0,122.934,53.3173,3,417.0875,0,1.0245,0.95184,0,75.711,3,37.3744,-0.00020767,0,2.1668,0,0.086241,0,0,-0.05339,0,-0.00010169,0.039483,0,0.057492,0,0.070045,0.033827,0,-0.042559,0,-0.015443,-0.031654,0,0.045055,0,0.017693,2.0898,0,3.0186,0,0.8086,0,-1.1532,0,1.8416,-0.010011,1
0.92602,0,-339.3712,3,1,0,-319.5,3,0.88521,0,-345.6,3,0.0017794,0,24.9803,0,0,0.71233,0,0,0,0,0,0.15018,0,0,0,0,47.3977,50.246,45.6886,2.0143,0.94518,0,0.81498,0,0.056587,0,5.7811,0,135356.2987,8567.2765,-969162.3538,0,2644.493,542.2594,-61342.4124,0,167.3812,6939283.0414,0,-18934.7897,0,0,51.6662,6567.6042,360,44966.6159,0,135.2689,54.73,3,374.7218,0,1.1272,0.92697,0,339.4077,3,47.4187,0.00096466,0,0.21554,0,0.038227,0,0,0.022881,0,0.00059068,0.039255,0,0.088455,0,0.072051,0.022435,0,-0.023491,0,-0.0085842,-0.020469,0,0.025322,0,0.01078,2.278,0,6.1804,0,0.91534,0,1.225,0,1.8508,0.40743,1
0.88707,0,-217.2563,3,0.93782,0,-202.05,3,0.48502,0,-220.5,3,0.0077196,0,22.9451,0,0,0.39433,0,0,0,0,0,0.16596,0,0,0,0,48.6357,52.2882,46.3575,3.5342,0.61754,0,0.90044,0,0.102,0,8.1086,0,142519.7647,8791.0571,-636637.3631,0,2599.4326,542.2594,-39269.749,0,160.341,2843866.1321,0,-11611.6942,0,0,47.4113,6974.9348,360,29452.5295,0,180.7833,58.1245,3,245.4377,0,1.5065,0.89138,0,217.3086,3,48.6717,0.0038051,0,0.15504,0,0.048566,-0.00037158,0,0,0,0.00094237,0.038897,0,0.084738,0,0.072265,0.010454,0,-0.020294,0,-0.010568,-0.0084631,0,0.022997,0,0.012778,10.1027,0,4.4867,0,-2.6249,0,1.5252,0,1.8001,0.39397,1
1,0,192.2775,2,1,0,194.85,2,1,0,188.55,2,0,0,8.703,0,0,0,0,0,0,0,0,0,0,0,0,0,24.9255,32.1409,17.2498,19.1253,0,0,-0.88297,0,0,0,-11.3916,0,37432.8581,3003.5771,288760.1484,0,1501.7886,241.0042,23169.841,0,120.5021,2227519.5518,0,11584.9205,0,0,60.251,5813.2747,240,24503.7074,0,120,48.444,2,204.1976,0,1,1,0,192.2999,2,25.3031,0,0,-0.052941,0,0.12514,0,0,0,0,-7.4576e-005,0,0,0.08372,0,0.066695,0,0,-0.01126,0,-0.018563,0,0,0.013478,0,0.020839,0,0,1.2211,0,0,0,-0.36575,0,1.7935,-0.085056,1
0.72478,0,-209.7262,2,0.72657,0,-143.1,2,0.71381,0,-220.5,2,1.1243e-005,0,432.1297,0,0,-0.4404,0,0,0,0,0,-0.030697,0,0,0,0,49.8788,52.9414,46.3668,3.3945,0.1252,0,0.69855,0,0.00077346,0,26.7542,0,149898.558,6010.5058,-630280.3682,0,2178.1613,241.0042,-25272.4499,0,87.3381,2650147.8596,0,-9158.5426,0,0,31.6507,7210.908,240,39574.7339,0,89.002,60.0909,2,329.7894,0,0.74168,0.72479,0,210.7454,2,49.9126,2.6798e-005,0,0.65042,0,0.055249,-5.4051e-005,0,0.026695,0,-0.00012542,0.037213,0,0.084444,0,0.072476,0.044394,0,-0.032515,0,-0.011711,-0.041841,0,0.034938,0,0.013929,3.7901,0,5.058,0,-1.5218,0,1.8501,0,1.9108,-0.17839,1
0.66733,0,-428.2687,3.025,1,0,-316.8,4,0.20281,0,-450,0,0.12755,0,1393.7749,1.2347,0,0.54677,0.18865,0,0,-0.013207,0,7.2901,0.074861,0,0,-0.54785,40.6191,43.7443,38.5122,3.4042,-0.60351,0,-0.43972,0.27142,-0.39767,0,-30.2882,0.55645,99408.7298,7403.2078,-1048119.8243,0,1633.1777,551.3347,-78056.01,0,121.6267,11050892.2899,0,-17219.473,0,0,26.8313,5726.2924,1197.0749,76464.1204,0,259.9782,47.7191,9.9756,637.201,0,2.1665,0.75618,0,429.8794,3.221,40.6606,0.00083738,0,1.1193,-0.0084034,-0.031924,0.00018241,0,0.049568,0,0.00086356,0.036525,0,0.090394,0,0.070764,0.0059914,0,-0.037091,0,-0.006975,-0.0040556,0,0.039499,0,0.0091527,1.2849,0,4.2523,5.7816,-0.31738,0,1.6088,-1.8208,1.5749,0.37178,1
0.79765,0,-208.5375,3,0.87564,0,-94.5,3,0.64206,0,-233.55,3,0.0076724,0,1557.4401,0,0,0.47812,0,0,0,0,0,1.6528,0,0,0,0,45.5231,48.7705,43.8495,1.9874,0.71586,0,0.93444,0,0.088396,0,51.9876,0,124861.3042,8228.4396,-571979.3595,0,2187.7978,542.2594,-37693.8045,0,144.1773,2620190.3772,0,-10022.1215,0,0,38.3342,6388.3409,360,51085.4248,0,136.6336,53.2362,3,425.7119,0,1.1386,0.8024,0,212.2083,3,45.5447,0.0014939,0,1.1496,0,0.041353,-2.7017e-005,0,0.034322,0,0.00068983,0.038012,0,0.084397,0,0.071714,0.018628,0,-0.037227,0,-0.0092739,-0.01652,0,0.039719,0,0.011475,1.5501,0,3.9956,0,-0.5488,0,1.5257,0,2.3075,0.73001,1
0.40996,0,121.62,2,0.91948,0,166.95,2,0.20281,0,33.75,2,0.073902,0,2069.7619,0,0,-0.41744,0,0,0,0,0,-5.1627,0,0,0,0,16.741,18.1252,14.7052,1.427,-0.19683,0,0.88173,0,-0.06392,0,47.9191,0,16886.0838,2017.3291,122673.7597,0,413.5143,241.0042,14655.4614,0,49.4013,891198.4259,0,3004.0921,0,0,10.1263,2494.6567,240,40994.3842,0,124.9009,20.7888,2,341.6199,0,1.0408,0.49128,0,129.7842,2,16.7832,6.9972e-019,0,1.1193,0,0.015676,0,0,-0.0076271,0,-4.7458e-005,0.032465,0,0.079903,0,0.063378,0.02929,0,-0.036964,0,-0.00094292,-0.0284,0,0.039396,0,0.00307,2.0327,0,1.7817,0,0.84978,0,-0.5812,0,1.8779,-0.62565,1
0.72025,0,-343.0387,3,1,0,-301.05,3,0.20281,0,-363.6,3,0.13492,0,166.6798,0,0,-0.048534,0,0,0,0,0,-0.23016,0,0,0,0,43.3719,45.6103,41.8715,1.2172,-0.39651,0,0.68304,0,-0.16068,0,9.7289,0,113339.8077,7839.6159,-896430.529,0,1882.1537,542.2594,-62005.32,0,130.1869,7090074.6164,0,-14886.3853,0,0,31.2556,5498.0373,360,48128.8884,0,266.8827,45.817,3,401.0741,0,2.224,0.80781,0,343.2795,3,43.3859,0.0066991,0,-0.23445,0,-0.0040622,0,0,0.034322,0,0.0012381,0.037161,0,0.088544,0,0.071311,0.0061065,0,-0.023996,0,0.010142,-0.0040395,0,0.026216,0,-0.0079614,1.4593,0,4.5328,0,-0.62562,0,0.86707,0,1.8215,0.26662,1
0.73753,0,-382.0612,3,0.97848,0,-324,3,0.20281,0,-391.05,3,0.076493,0,288.4535,0,0,0.40147,0,0,0,0,0,1.8858,0,0,0,0,39.7573,41.8078,38.9001,0.64496,-0.47899,0,0.51444,0,-0.10639,0,7.0168,0,95235.3963,7186.257,-915196.7822,0,1766.6843,542.2594,-69058.7699,0,133.3102,8794893.3139,0,-16977.5507,0,0,32.7732,5050.8782,360,57348.0819,0,250.4803,42.0907,3,477.9007,0,2.0873,0.78727,0,382.4354,3,39.7653,0.0065182,0,0.4916,0,-0.0061941,0,0,0,0,0.0013229,0.037359,0,0.089442,0,0.070586,0.0063326,0,-0.029999,0,0.0065459,-0.0042685,0,0.032479,0,-0.0044001,2.7203,0,6.3372,0,-1.1225,0,2.0969,0,2.4367,0.74785,1
0.96746,0,-432.6225,3,1,0,-331.2,3,0.37421,0,-450,3,0.013112,0,1044.2069,0,0,0.1541,0,0,0,0,0,0.57019,0,0,0,0,41.0572,43.8009,39.8376,1.3325,0.10137,0,0.9009,0,0.013399,0,33.6051,0,101564.8771,7421.2203,-1070195.606,0,2393.2483,542.2594,-78197.873,0,174.8717,11276719.5492,0,-25217.8107,0,0,56.3939,5545.4233,360,74172.9494,0,219.588,46.2119,3,618.1079,0,1.8299,0.97416,0,433.8176,3,41.0733,0.0052587,0,0.99832,0,0.024032,-0.00012836,0,0.034322,0,0.0014153,0.03962,0,0.090478,0,0.070854,0.008039,0,-0.036088,0,-0.004619,-0.0055122,0,0.038531,0,0.0067865,17.4902,0,4.9802,0,-3.8681,0,1.8171,0,2.4516,0.81034,1
0.88862,0,-406.7212,3,1,0,-258.299,3,0.27297,0,-450,3,0.044093,0,3723.4289,0,0,0.37937,0,0,0,0,0,4.8609,0,0,0,0,42.1294,44.2411,41.4073,0.48496,0.15874,0,0.87047,0,0.023213,0,36.9894,0,106938.8604,7615.0249,-1032397.4146,0,2255.6205,542.2594,-73516.1377,0,160.6208,9966857.8664,0,-21775.9644,0,0,47.5769,5426.7701,360,86416.2525,0,225.4208,45.2231,3,720.1354,0,1.8785,0.91289,0,411.2354,3,42.1351,0.0034299,0,1.6109,0,0.013527,-0.00058775,0,0.030508,0,0.0013602,0.038912,0,0.089963,0,0.071069,0.011035,0,-0.040045,0,0.00015251,-0.0087365,0,0.042493,0,0.0019876,4.9971,0,2.7937,0,-1.8335,0,1.1235,0,4.1785,1.3901,1
0.70616,0,-326.4825,3,0.88521,0,-216.9,3,0.20281,0,-346.95,3,0.042635,0,1200.8583,0,0,0.4425,0,0,0,0,0,3.1663,0,0,0,0,44.571,46.382,43.6988,0.5448,-0.4694,0,0.50874,0,-0.071539,0,13.0125,0,119693.1058,8056.3462,-876751.9669,0,1896.3488,542.2594,-59012.7334,0,127.6401,6422207.9151,0,-13890.7545,0,0,30.0447,5579.9081,360,62613.5545,0,214.9494,46.4992,3,521.7796,0,1.7912,0.73548,0,328.3012,3,44.577,0.0056808,0,1.0437,0,-0.0039655,0,0,0.034322,0,0.0013,0.036996,0,0.088132,0,0.071538,0.0074928,0,-0.036456,0,0.010272,-0.0054393,0,0.03887,0,-0.0080663,2.4553,0,4.9411,0,-0.80148,0,1.7816,0,2.3028,0.63532,1
0.86294,0,-82.8,2,0.87245,0,31.05,2,0.20281,0,-213.3,2,0.0037111,0,7654.7668,0,0,-0.058534,0,0,0,0,0,-0.31198,0,0,0,0,26.9829,34.516,19.4932,19.3092,-0.098525,0,0.98565,0,-0.026374,0,378.9392,0,43867.5,3251.4998,-134612.0653,0,1402.9305,241.0042,-9977.5712,0,103.9865,413071.3651,0,-4305.0407,0,0,44.8672,6081.3911,240,59182.4185,0,182.933,50.6783,2,493.1868,0,1.5244,0.86507,0,120.1949,2,27.3355,-0.0055267,0,2.0534,0,0.12624,-0.0057289,0,-0.0076271,0,2.9661e-005,0.038667,0,0.076699,0,0.067356,0.0034448,0,-0.04204,0,-0.018638,-0.0034327,0,0.044512,0,0.020915,116.8412,0,1.4264,0,-10.7356,0,-0.024148,0,1.7977,0.0056557,2
0.72734,0,20.115,2.2083,0.87564,0,53.55,3,0.20281,0,-88.2,0,0.07674,0,1187.7571,0.6201,0,-0.26716,0.3982,0,0,0.24809,0,-2.5507,0.086864,0,0,6.733,34.6989,42.6608,27.0346,20.8342,-0.16689,0,0.8574,0.44811,-0.21102,0,134.8767,1.6106,72542.971,4616.8375,42053.24,0,1520.6129,293.8285,2676.3858,0,96.7761,24378.3094,0,881.501,0,0,31.8744,7122.5163,870.9334,27859.4844,0,256.0474,59.3543,7.2578,232.1624,0,2.1337,0.7779,0,39.7803,2.3434,34.9953,7.3689e-005,0,1.1912,0.0084034,0.13131,-2.0263e-005,0,-0.041949,0,2.3729e-005,0.037243,0,0.064908,0.046498,0.069452,0.0076494,0,-0.037576,-0.0049013,-0.018968,-0.0052929,0,0.040016,0.0072817,0.021248,2.8919,0,4.6814,5.0921,-1.3755,0,-1.5843,-1.3169,1.8167,0.056897,2
0.8445,0,-125.325,2,0.8573,0,-49.95,2,0.82303,0,-175.95,2,0.0001143,0,1454.7582,0,0,0.092025,0,0,0,0,0,0.037526,0,0,0,0,47.0979,53.8158,40.7226,14.3372,0.017592,0,0.99107,0,0.00071218,0,143.1303,0,133649.5808,5675.395,-355634.3196,0,2396.4227,241.0042,-15101.9197,0,101.7635,946323.7264,0,-6376.7513,0,0,42.9694,8120.4954,240,39110.5578,0,105.9278,67.6708,2,325.9213,0,0.88273,0.84456,0,130.9541,2,47.2486,-5.3597e-005,0,1.0588,0,0.11003,2.7025e-005,0,0.015254,0,0.00015085,0.038487,0,0.080153,0,0.071998,0.038777,0,-0.036528,0,-0.017487,-0.038096,0,0.038867,0,0.019753,1.9662,0,1.7713,0,-0.53949,0,0.29668,0,1.8281,0.054873,2
0.91907,0,44.475,2,0.92586,0,59.4,2,0.89158,0,32.4,2,5.8179e-005,0,65.7578,0,0,0.68915,0,0,0,0,0,0.042625,0,0,0,0,31.4001,39.2554,23.5438,20.3186,0.71692,0,0.97669,0,0.024649,0,35.7009,0,59405.3799,3783.7739,84141.6096,0,1738.781,241.0042,5359.3265,0,110.7501,119177.9343,0,2462.8044,0,0,50.8937,6720.7711,240,10597.859,0,116.1602,56.0064,2,88.3155,0,0.968,0.9191,0,45.2021,2,31.7193,0.00026126,0,0.22689,0,0.13203,-2.7017e-005,0,0,0,-0.00011271,0.039193,0,0.07152,0,0.068619,0.032434,0,-0.023494,0,-0.019021,-0.03134,0,0.025806,0,0.021301,6.8385,0,2.2855,0,-2.1465,0,0.28274,0,1.8298,0.026324,2
1,0,-14.5724,4,1,0,-6.75,4,1,0,-44.1,4,0,0,61.4042,0,0,0,0,0,0,0,0,0,0,0,0,0,14.0512,17.2311,10.9676,3.4684,0,0,0.67934,0,0,0,9.9139,0,11895.7445,3386.3988,-12337.0247,0,846.5997,964.0167,-3512.0194,0,241.0042,12794.6745,0,-878.0049,0,0,60.251,2881.2922,480,7034.849,0,120,24.0108,4,58.6237,0,1,1,0,16.5302,4,14.1731,0,0,0.24202,0,0.052634,0,0,-0.019068,0,0.00021102,0,0,0.062222,0,0.061918,0,0,-0.024374,0,-0.011271,0,0,0.026782,0,0.013485,0,0,5.942,0,0,0,-1.7468,0,1.789,0.0014559,3
1,0,-13.8037,4,1,0,-6.75,4,1,0,-22.05,4,0,0,19.1477,0,0,0,0,0,0,0,0,0,0,0,0,0,17.2519,20.3992,14.0807,3.4119,0,0,-0.93142,0,0,0,-7.5284,0,17932.3149,4157.77,-14348.1612,0,1039.4425,964.0167,-3326.7515,0,241.0042,11480.3767,0,-831.6879,0,0,60.251,3266.0012,480,4092.8761,0,120,27.2167,4,34.1073,0,1,1,0,14.4752,4,17.3496,0,0,-0.1021,0,0.053097,0,0,-0.0076271,0,-1.0169e-005,0,0,0.06177,0,0.063628,0,0,-0.017116,0,-0.01136,0,0,0.019231,0,0.013575,0,0,1.6431,0,0,0,0.3429,0,1.7997,-0.0077997,3
1,0,-27.045,4,1,0,-15.3,4,1,0,-45,4,0,0,113.3919,0,0,0,0,0,0,0,0,0,0,0,0,0,20.4185,23.5323,17.2843,3.3309,0,0,-0.84713,0,0,0,-16.4635,0,25119.6431,4920.9508,-33271.7373,0,1230.2377,964.0167,-6517.9501,0,241.0042,44069.436,0,-1629.4875,0,0,60.251,3632.3911,480,7076.8513,0,120,30.2699,4,58.9738,0,1,1,0,29.0496,4,20.4993,0,0,-0.10588,0,0.052504,0,0,0,0,-1.0169e-005,0,0,0.067375,0,0.065033,0,0,-0.017085,0,-0.011266,0,0,0.019208,0,0.01348,0,0,1.5917,0,0,0,-0.4586,0,1.8019,-0.0075095,3
1,0,-29.3325,4,1,0,-17.1,4,1,0,-45,4,0,0,79.911,0,0,0,0,0,0,0,0,0,0,0,0,0,23.5546,26.6461,20.4516,3.281,0,0,0.7374,0,0,0,11.9402,0,33428.4762,5676.7606,-41628.383,0,1419.1901,964.0167,-7069.2532,0,241.0042,51839.7028,0,-1767.3133,0,0,60.251,3998.8756,480,6311.0958,0,120,33.324,4,52.5925,0,1,1,0,30.6535,4,23.6236,0,0,0.04916,0,0.052055,0,0,0.0076271,0,-2.5424e-006,0,0,0.068052,0,0.066223,0,0,-0.010038,0,-0.011194,0,0,0.012033,0,0.013407,0,0,1.8667,0,0,0,-0.41713,0,1.7982,-0.0045001,3
0.87391,0,-124.7774,2,0.92586,0,-56.7,2,0.82621,0,-164.7,2,0.00084301,0,832.9052,0,0,0.92858,0,0,0,0,0,0.7781,0,0,0,0,39.9936,47.0742,33.4042,15.8492,0.96487,0,0.97666,0,0.11153,0,112.2139,0,96370.9561,4819.3157,-300670.8805,0,2105.8282,241.0042,-15035.9397,0,105.3082,938072.8595,0,-6570.042,0,0,46.015,7382.5117,240,34714.5566,0,124.1424,61.5209,2,289.288,0,1.0345,0.87439,0,128.0444,2,40.1896,0.00083739,0,0.90756,0,0.11487,0,0,0.0076271,0,0.00027203,0.038773,0,0.080117,0,0.070635,0.023573,0,-0.035248,0,-0.017847,-0.021651,0,0.037736,0,0.020117,2.2467,0,2.3035,0,-0.18811,0,0.6399,0,1.8107,0.065201,3
0.79152,0,-82.2373,2,0.86926,0,-11.25,2,0.71062,0,-130.949,2,0.0030857,0,2345.3876,0,0,0.4051,0,0,0,0,0,1.0898,0,0,0,0,40.1833,46.7183,34.5905,14.0594,0.53532,0,0.97263,0,0.1115,0,176.6199,0,97287.2193,4842.1717,-199103.5438,0,1916.3434,241.0042,-9909.7657,0,95.3801,407476.1457,0,-3921.9003,0,0,37.7477,7156.381,240,34347.6897,0,116.8269,59.6365,2,286.2307,0,0.97356,0.79345,0,95.3353,2,40.3564,0.0006565,0,0.95293,0,0.10191,2.7025e-005,0,-0.0076356,0,0.00022542,0.037947,0,0.076643,0,0.070675,0.025916,0,-0.035514,0,-0.016828,-0.023966,0,0.037941,0,0.01909,1.7159,0,1.4227,0,-0.2193,0,0.38479,0,1.6847,0.18657,3
0.49247,0,-171.7125,4.1583,0.64844,0,-169.65,5,0.20281,0,-176.85,0,0.045558,0,5.597,2.3193,0,-0.51892,0.53743,0,0,-0.3851,0,-0.26204,0.17469,0,0,-1.3875,19.3111,19.7777,18.5626,0.10517,-0.52481,0,0.96141,-0.35243,-0.036328,0,0.73764,-0.17406,22468.791,4838.285,-199790.124,0,572.9978,1041.8452,-43021.5209,0,123.3857,1776512.7524,0,-5095.0365,0,0,14.6126,2543.7997,1587.3788,22060.6931,0,204.992,21.1983,13.2282,183.8391,0,1.7083,0.53638,0,171.7286,4.4262,19.3138,-0.0037448,0,0.060504,-0.0084034,0.010208,0,0,0,0,-0.00015424,0.033993,0,0.082778,0.051772,0.064568,0.0074238,0,-0.012396,-0.0094214,0.0025069,-0.0049188,0,0.014614,0.011642,-0.00040307,1.3956,0,2.9356,6.1798,-0.62897,0,-1.2085,-2.1325,2.5242,-0.80023,4
0.37735,0,-161.535,2.8917,0.64844,0,-124.65,5,0.20281,0,-170.1,0,0.047713,0,164.4789,2.6856,0,0.56872,0.25203,0,0,-0.032128,0,1.5932,0.090218,0,0,-0.67525,19.6096,20.2134,19.2727,0.033424,0.13059,0,0.57943,-0.033641,0.0052151,0,1.3586,-0.010079,23168.664,3416.4968,-190853.1325,0,445.8388,503.8033,-28143.5787,0,65.7443,1572163.0838,0,-3672.6215,0,0,8.5794,2471.555,1545.7154,27955.441,0,181.6801,20.5963,12.881,232.962,0,1.514,0.43556,0,162.039,3.3204,19.6104,0.0037448,0,0.38193,-0.016807,0.0049487,0,0,0.011441,0,0.00030593,0.031774,0,0.082268,0.048744,0.064696,0.0063127,0,-0.027995,-0.0098423,0.0083716,-0.0047745,0,0.030353,0.012716,-0.0063286,1.197,0,3.8793,2.4674,0.44388,0,1.4627,-0.89536,4.3454,0.99066,4
0.52961,0,-116.1449,2.7333,0.64844,0,-45.9,4,0.20281,0,-169.2,0,0.039161,0,1746.329,0.97031,0,0.69239,0.45081,0,0,0.31287,0,5.7258,0.087877,0,0,12.8791,20.5316,22.4985,19.2727,0.96296,0.54113,0,0.97649,0.2428,0.10508,0,40.044,0.23469,25398.6833,3381.275,-143677.2614,0,655.1511,450.1423,-19127.4614,0,87.2189,812764.7877,0,-3706.1103,0,0,16.8994,3013.5429,1123.7421,38483.598,0,177.5887,25.1129,9.3645,320.6966,0,1.4799,0.56508,0,123.3751,2.904,20.5549,0.0037448,0,1.0361,-0.0084034,0.0229,0,0,0.0076186,0,0.00037203,0,0,0.079519,0.048275,0.065079,0,0,-0.036289,-0.0076619,-0.0042718,0,0,0.038698,0.0096987,0.006427,2.1136,0,1.6223,6.6978,-1.0553,0,0.28389,-2.2015,1.8635,0.53821,4
0.7542,0,13.6313,2.0083,1,0,63.45,3,0.20281,0,-21.6,0,0.13667,0,978.9289,0.61338,0,-0.63493,0.28478,0,0,0.11153,0,-7.3441,0.082454,0,0,2.7329,16.585,22.2243,14.1191,5.2829,0.43478,0,-0.70776,-0.038989,0.36944,0,-50.8977,-0.070185,16572.7052,2006.8495,13621.1867,0,753.6434,243.0167,1649.4393,0,91.2614,11195.3194,0,619.4232,0,0,34.2719,3505.569,837.5485,18904.2233,0,296.3723,29.2131,6.9796,157.5352,0,2.4698,0.83926,0,34.0086,2.1545,16.7422,0,0,-0.71471,-0.0084034,0.068111,0,0,0,0,0.00053898,0.037545,0,0.061665,0.045707,0.0633,0.0057822,0,-0.033182,-0.0056497,-0.013501,-0.0038724,0,0.035585,0.0074243,0.015733,1.689,0,1.4962,4.9416,-0.83008,0,0.42679,-1.2793,2.7435,1.041,5
1,0,-21.315,2,1,0,0.45,2,1,0,-44.1,2,0,0,101.7294,0,0,0,0,0,0,0,0,0,0,0,0,0,22.4937,31.0532,14.9342,23.5906,0,0,-0.94781,0,0,0,-46.4316,0,30485.0652,2710.5402,-28887.5259,0,1355.2701,241.0042,-2568.4971,0,120.5021,27373.704,0,-1284.2485,0,0,60.251,5780.077,240,10287.0903,0,120,48.1673,2,85.7258,0,1,1,0,23.5629,2,23.0079,0,0,-0.37437,0,0.13545,0,0,0.011441,0,0.00044153,0,0,0.065391,0,0.065839,0,0,-0.027911,0,-0.019222,0,0,0.030185,0,0.021504,0,0,2.9964,0,0,0,-0.5625,0,1.7458,0.11281,5
0.44807,0,-247.6124,3,0.68272,0,-137.25,3,0.20281,0,-265.95,3,0.023518,0,978.6286,0,0,0.66957,0,0,0,0,0,3.2122,0,0,0,0,41.2306,43.8793,40.1844,1.2444,-0.7207,0,-0.28824,0,-0.12329,0,-10.0587,0,102424.47,7452.5588,-615115.388,0,1113.0841,542.2594,-44756.7228,0,80.9897,3694106.8929,0,-6684.6832,0,0,12.0963,5564.2313,360,52042.1448,0,147.3017,46.3686,3,433.6845,0,1.2275,0.47338,0,249.5644,3,41.2456,0.0040328,0,1.0248,0,-0.025106,2.7025e-005,0,0.05339,0,0.0010449,0.033206,0,0.085828,0,0.070889,0.010344,0,-0.036382,0,-0.0050365,-0.0083157,0,0.038815,0,0.0072027,1.5724,0,6.1638,0,-0.047322,0,2.0637,0,2.3853,0.8485,6
0.86641,0,-245.6849,3,0.89158,0,-39.15,3,0.75447,0,-339.75,3,0.0019696,0,7340.0194,0,0,0.45307,0,0,0,0,0,1.7227,0,0,0,0,43.9988,48.2285,41.3924,3.7423,0.59546,0,0.98072,0,0.051122,0,162.5398,0,116639.8836,7952.9287,-651304.9636,0,2296.8366,542.2594,-44408.3257,0,156.6066,3636819.0923,0,-12825.2964,0,0,45.2286,6558.483,360,85490.3564,0,130.8871,54.654,3,712.4196,0,1.0907,0.86754,0,260.0768,3,44.041,0.0010451,0,2.5261,0,0.057446,8.1068e-005,0,0.05339,0,0.00084831,0.038701,0,0.085763,0,0.07143,0.022042,0,-0.04392,0,-0.012046,-0.019772,0,0.046342,0,0.014263,4.1067,0,2.5093,0,-1.6781,0,0.91092,0,2.1118,0.51054,6
0.32545,0,-274.3011,3,0.58546,0,-180,3,0.20281,0,-308.25,3,0.019784,0,1114.2327,0,0,0.95406,0,0,0,0,0,4.4794,0,0,0,0,42.9868,47.2427,40.7419,4.4391,-0.82174,0,-0.83,0,-0.24352,0,-58.3728,0,111335.6508,7769.9939,-710439.3753,0,842.9246,542.2594,-49580.7906,0,58.8268,4533355.6869,0,-5378.752,0,0,6.3818,6416.1034,360,54971.8906,0,118.0109,53.4675,3,458.0991,0,0.98342,0.35432,0,276.3079,3,43.0379,0.0032155,0,0.99454,0,-0.053516,0,0,0.05339,0,0.00086441,0.030541,0,0.086681,0,0.071237,0.012272,0,-0.036136,0,-0.011397,-0.010258,0,0.038457,0,0.013613,1.9114,0,2.8539,0,0.66907,0,0.77773,0,1.8888,0.54857,6
0.33784,0,-202.83,3,0.48502,0,-51.3,3,0.20281,0,-250.2,3,0.0076892,0,3863.3562,0,0,0.78815,0,0,0,0,0,4.2957,0,0,0,0,43.7911,46.9892,42.1214,2.4471,-0.93856,0,-0.71164,0,-0.12874,0,-69.1948,0,115541.1969,7915.3839,-535158.9933,0,891.3869,542.2594,-36662.1515,0,61.0663,2478727.5513,0,-4128.6893,0,0,6.8769,6187.0637,360,61755.2594,0,93.2723,51.5589,3,514.6272,0,0.77727,0.34895,0,212.064,3,43.8188,0.0021035,0,1.5693,0,-0.039384,3.3771e-005,0,0.026695,0,0.00045847,0.030853,0,0.084165,0,0.071391,0.015787,0,-0.039814,0,-0.0088077,-0.01439,0,0.042161,0,0.011004,2.0279,0,2.8404,0,-0.38172,0,1.1154,0,2.0093,0.60018,6
0.60628,0,-185.6287,3,0.67634,0,-50.4,3,0.32319,0,-241.2,3,0.013154,0,3642.9511,0,0,0.46925,0,0,0,0,0,3.2484,0,0,0,0,43.6884,45.424,42.8496,0.54634,0.24633,0,0.95492,0,0.020883,0,42.6015,0,114999.6336,7896.8116,-488624.9811,0,1595.8829,542.2594,-33552.9715,0,109.5863,2076131.5897,0,-6780.7891,0,0,22.1465,5598.8883,360,59633.7933,0,144.5479,46.6574,3,496.9483,0,1.2046,0.61694,0,195.1169,3,43.6946,0.0029677,0,1.6034,0,0.012971,0,0,0,0,0.00081864,0.035726,0,0.083427,0,0.071371,0.012954,0,-0.039926,0,0.00056217,-0.010943,0,0.042462,0,0.0015562,3.9939,0,2.4182,0,-1.6355,0,0.93856,0,2.4882,0.79867,6
0.63746,0,-146.3625,3,0.87245,0,12.15,3,0.35189,0,-304.65,3,0.028234,0,12637.9871,0,0,0.98292,0,0,0,0,0,18.5672,0,0,0,0,36.7281,39.6233,35.5625,1.4709,0.84051,0,0.87795,0,0.17129,0,119.7029,0,81275.8602,6638.7198,-323886.4861,0,1410.6382,542.2594,-26455.4767,0,115.2228,1290696.3467,0,-5621.4312,0,0,24.4833,5073.2043,360,81552.3251,0,175.9507,42.2767,3,679.6027,0,1.4663,0.65905,0,184.2679,3,36.748,0.0041668,0,2.6622,0,0.026755,0,0,0,0,0.00098983,0.036144,0,0.081446,0,0.069925,0.010091,0,-0.044189,0,-0.0055591,-0.0079767,0,0.046705,0,0.0077311,1.7185,0,1.4904,0,0.089701,0,0.11556,0,2.6245,0.96282,6
0.51835,0,-77.865,2,0.60141,0,0.9,2,0.42124,0,-217.35,2,0.0054073,0,7388.5169,0,0,0.96541,0,0,0,0,0,6.1021,0,0,0,0,39.9233,41.6491,39.0913,0.59128,0.65336,0,0.55735,0,0.036944,0,36.8383,0,96032.1833,4810.8376,-187297.8931,0,1246.8569,241.0042,-9382.8934,0,62.4627,365299.4187,0,-2431.8271,0,0,16.1889,5160.7349,240,53824.3541,0,98.3591,43.0061,2,448.5363,0,0.81966,0.5235,0,115.7147,2,39.9306,0.0014068,0,1.7622,0,0.014005,0,0,-9.4087e-019,0,0.0006178,0.03442,0,0.076187,0,0.07062,0.019208,0,-0.040723,0,-0.00012006,-0.017256,0,0.043182,0,0.0022403,1.1908,0,1.5966,0,-0.21329,0,-0.54207,0,2.2869,0.75315,6
0.90633,0,-39.7275,2,0.90992,0,-8.55,2,0.90354,0,-60.75,2,8.813e-006,0,402.8885,0,0,0.40046,0,0,0,0,0,0.023862,0,0,0,0,30.1979,39.1032,21.7362,25.8713,0.49547,0,0.90051,0,0.0074816,0,91.9373,0,54943.7372,3638.9106,-72282.3352,0,1649.0276,241.0042,-4787.2418,0,109.2147,95092.4754,0,-2169.4113,0,0,49.4923,6912.5099,240,15000.1794,0,110.1417,57.6042,2,125.0015,0,0.91785,0.90634,0,44.4725,2,30.6198,0,0,0.40084,0,0.14594,0,0,0,0,0.00018644,0,0,0.070579,0,0.068294,0,0,-0.028293,0,-0.019856,0,0,0.03069,0,0.022143,1.2102,0,1.3764,0,0.25007,0,0.42405,0,1.7983,0.052211,6
0.27335,0,-343.5412,3,0.50016,0,-292.05,3,0.20281,0,-369.9,3,0.0053455,0,490.6062,0,0,0.19706,0,0,0,0,0,0.31912,0,0,0,0,42.7745,47.4896,38.7801,6.7853,-0.78412,0,0.32198,0,-0.14933,0,18.577,0,110238.5975,7731.618,-885376.4233,0,704.4817,542.2594,-62096.1485,0,49.409,7110861.6124,0,-5658.0139,0,0,4.502,6798.4263,360,49686.272,0,87.3699,56.6536,3,414.0523,0,0.72808,0.28288,0,344.2486,3,42.853,0.0024987,0,0.2042,0,-0.073189,0,0,0.0076271,0,0.00049492,0.029087,0,0.088557,0,0.071195,0.014395,0,-0.022685,0,-0.014041,-0.012258,0,0.025908,0,0.01628,5.4195,0,1.8149,0,1.6129,0,0.23435,0,1.8088,0.13651,6
0.53659,0,-79.0462,3,0.66997,0,-2.25,3,0.35508,0,-222.3,3,0.012894,0,6098.2864,0,0,0.96645,0,0,0,0,0,8.5699,0,0,0,0,39.0018,40.7601,38.1432,0.65146,0.81699,0,0.67611,0,0.074877,0,42.615,0,91650.1908,7049.6935,-185750.4751,0,1260.9289,542.2594,-14287.8472,0,96.9901,376466.636,0,-2555.5664,0,0,17.3479,5125.4834,360,50814.0534,0,128.54,42.7124,3,423.4504,0,1.0712,0.54837,0,110.8863,3,39.0101,0.0026461,0,1.645,0,0.018174,2.0271e-005,0,0,0,0.00052034,0.034708,0,0.076313,0,0.070426,0.013872,0,-0.040144,0,-0.0023203,-0.011866,0,0.042603,0,0.0044554,1.5657,0,1.9357,0,-0.46804,0,-0.72042,0,2.1243,0.68942,6
0.64625,0,-265.815,4,0.66757,0,-1.35,4,0.62692,0,-450,4,0.00024488,0,19489.6543,0,0,0.91807,0,0,0,0,0,2.0057,0,0,0,0,31.3751,32.6013,30.8012,0.29568,0.72382,0,0.80906,0,0.0061592,0,61.418,0,59311.0784,7561.539,-502492.5601,0,1221.6578,964.0167,-64062.5192,0,155.7485,4257194.099,0,-10350.0722,0,0,25.1631,4001.673,480,119053.0613,0,85.5844,33.3473,4,992.1088,0,0.7132,0.64644,0,299.9747,4,31.3798,0.00031485,0,3.7702,0,0.0081277,-2.7025e-005,0,0.026695,0,0.00053305,0.036258,0,0.086419,0,0.068613,0.032422,0,-0.04714,0,0.0045154,-0.029563,0,0.049681,0,-0.0024192,1.1452,0,1.8724,0,0.14496,0,0.42265,0,2.3362,0.77334,6
1,0,-336.1237,3,1,0,-334.35,3,1,0,-337.95,3,0,0,2.0056,0,0,0,0,0,0,0,0,0,0,0,0,0,43.6197,47.9333,39.1516,6.4821,0,0,0.35476,0,0,0,1.2791,0,114638.4148,7884.3998,-883378.0052,0,2628.1333,542.2594,-60755.4226,0,180.7531,6807113.4917,0,-20251.8075,0,0,60.251,6891.5818,360,40882.5425,0,120,57.4298,3,340.6879,0,1,1,0,336.1267,3,43.6933,0,0,0,0,0.073796,0,0,0.0076271,0,-5.0847e-005,0,0,0.088375,0,0.071358,0,0,0.0010934,0,-0.014128,0,0,-0.00056424,0,0.016368,0,0,1.5033,0,0,0,0.071128,0,1.8177,-0.039681,6
0.38591,0,-112.2787,5,0.73533,0,-22.05,5,0.20281,0,-203.4,5,0.039517,0,2725.0852,0,0,0.76863,0,0,0,0,0,7.9763,0,0,0,0,33.6911,34.1018,33.3877,0.045911,0.19639,0,-0.25298,0,0.0083648,0,-2.8297,0,68390.2309,10149.6095,-227916.8914,0,783.3748,1506.2762,-33824.5305,0,116.2585,759554.5253,0,-2610.6703,0,0,8.9732,4104.5233,600,47696.7171,0,121.1063,34.2044,5,397.4726,0,1.0092,0.43372,0,123.729,5,33.6917,0.002137,0,1.5239,0,0.0011857,0.00020268,0,-0.011458,0,0.00017034,0.031961,0,0.079237,0,0.069206,0.015988,0,-0.039594,0,0.019849,-0.013558,0,0.041985,0,-0.01797,1.699,0,1.8948,0,0.55397,0,0.047628,0,1.6527,0.10129,6
0.7579,0,-397.4887,3,0.93782,0,-297,3,0.34232,0,-444.6,3,0.032692,0,1157.0875,0,0,0.65718,0,0,0,0,0,4.0419,0,0,0,0,44.4099,46.4207,43.5144,0.6282,-0.69391,0,0.052253,0,-0.099443,0,1.4088,0,118829.6944,8027.2362,-1063578.6454,0,2027.9504,542.2594,-71847.3359,0,136.993,9519502.18,0,-18151.0587,0,0,34.6091,5644.2227,360,67948.7586,0,204.6076,47.0352,3,566.2397,0,1.7051,0.779,0,398.9295,3,44.417,0.0050042,0,0.83193,0,-0.0093756,-8.1076e-005,0,0.076271,0,0.0010703,0.037586,0,0.089772,0,0.071508,0.0084464,0,-0.034628,0,0.0032538,-0.0063981,0,0.037163,0,-0.0011164,2.1789,0,3.2773,0,-0.83324,0,0.70276,0,2.6724,0.79279,7
0.99982,0.0065583,-416.3662,4,1,0.111,-353.25,4,0.97848,0,-450,4,3.8607e-006,0.0005083,949.1216,0,-0.42644,-0.18052,0,0.51744,0,0,-1.8891e-005,-0.010928,0,0.3594,0,0,36.3463,38.0123,36.1767,0.097237,-0.4918,0.93758,0.70159,0,-0.00030133,0.0065915,6.7401,0,79595.0318,8759.62,-911802.5162,14.3621,2189.5122,964.0167,-100346.0064,1.5806,240.961,10445172.3836,-164.5255,-25082.0019,0.0025915,0.39508,60.2294,4612.3783,480,58369.3756,19.9744,122.5398,38.4365,4,486.4115,0.16645,1.0212,0.99982,0.02339,417.495,4,36.3477,0.00018087,-0.00093277,0.022689,0,-0.011745,-0.00018241,5.9322e-005,0.049576,0,0.0020051,0.039894,-0.0019961,0.090159,0,0.069838,0.032257,0.022409,-0.015999,0,0.00081755,-0.03253,-0.020434,0.016259,0,0.0013174,118.0084,13.673,1.9491,0,-10.817,3.4535,0.52352,0,15.3734,3.4165,7
0.94204,0,-190.7362,3,1,0,-24.3,3,0.58546,0,-297.45,3,0.011453,0,6428.932,0,0,0.56963,0,0,0,0,0,4.8879,0,0,0,0,46.5808,52.0001,43.7132,6.4218,0.58634,0,0.99202,0,0.15901,0,201.5664,0,130730.8792,8419.6229,-535308.9131,0,2643.8679,542.2594,-34476.1637,0,170.2763,2191950.6256,0,-10825.9506,0,0,53.4689,7171.0696,360,74480.9629,0,189.797,59.7589,3,620.6747,0,1.5816,0.94805,0,206.7744,3,46.6491,0.0034835,0,2.2954,0,0.068666,-0.00010809,0,0.015254,0,0.0013178,0.039398,0,0.083653,0,0.071906,0.011472,0,-0.043038,0,-0.013509,-0.0094815,0,0.045506,0,0.015745,5.9451,0,2.0168,0,-2.0141,0,0.63717,0,2.0386,0.55844,7
0.88143,0,-239.0812,3,1,0,-59.4,3,0.64525,0,-319.95,3,0.015391,0,5298.6974,0,0,0.82647,0,0,0,0,0,7.4635,0,0,0,0,44.467,48.6382,42.7091,3.192,0.81606,0,0.99825,0,0.18088,0,129.8234,0,119135.0055,8037.5418,-640541.6465,0,2361.4972,542.2594,-43214.6726,0,159.3204,3443938.237,0,-12696.8331,0,0,46.8097,6465.4212,360,76708.7977,0,175.9651,53.8785,3,639.24,0,1.4664,0.89004,0,249.8286,3,44.5025,0.0029811,0,2.1895,0,0.049404,-2.7025e-005,0,0.12585,0,0.0010669,0.038844,0,0.085536,0,0.071519,0.012885,0,-0.042799,0,-0.01076,-0.010797,0,0.045045,0,0.012971,1.5853,0,2.3697,0,-0.44373,0,0.7797,0,2.3726,0.81462,7
0.99103,0,-247.1962,3,1,0,-123.75,3,0.92586,0,-314.55,3,0.00046037,0,4167.4759,0,0,0.37066,0,0,0,0,0,0.51341,0,0,0,0,40.7443,45.696,37.0721,6.3642,0.54315,0,0.96177,0,0.0294,0,156.6306,0,100022.4722,7364.6539,-606838.133,0,2432.8684,542.2594,-44681.4874,0,179.1321,3681697.8381,0,-14760.2563,0,0,59.1752,6520.9114,360,63388.7701,0,130.3055,54.3409,3,528.2398,0,1.0859,0.99126,0,255.4187,3,40.8216,0.00023447,0,1.316,0,0.07247,0.00010133,0,0.061017,0,0.00043051,0.039821,0,0.085814,0,0.07079,0.03543,0,-0.038274,0,-0.013981,-0.034251,0,0.040668,0,0.016216,6.184,0,1.665,0,-2.1829,0,0.54743,0,1.898,0.33597,7
1,0,35.5874,3,1,0,68.4,3,1,0,16.2,3,0,0,208.9928,0,0,0,0,0,0,0,0,0,0,0,0,0,16.0353,20.7112,11.4215,7.4827,0,0,0.96465,0,0,0,38.1473,0,15492.4395,2898.4343,34382.6039,0,966.1448,542.2594,6432.5387,0,180.7531,76305.83,0,2144.1796,0,0,60.251,3689.2409,360,13884.622,0,120,30.7437,3,115.7052,0,1,1,0,38.389,3,16.265,0,0,0.41975,0,0.078065,0,0,-0.0038136,0,0.00021525,0,0,0.069662,0,0.063019,0,0,-0.028704,0,-0.014588,0,0,0.031066,0,0.01683,0,0,2.6075,0,0,0,0.47325,0,1.7976,-0.0018167,7
1,0,56.2725,3,1,0,69.75,3,1,0,36,3,0,0,144.8159,0,0,0,0,0,0,0,0,0,0,0,0,0,20.7767,25.5503,16.0819,7.637,0,0,0.76418,0,0,0,25.4136,0,26008.7056,3755.4581,70442.953,0,1251.8194,542.2594,10171.4234,0,180.7531,190790.3337,0,3390.4745,0,0,60.251,4284.1885,360,11973.3515,0,120,35.7016,3,99.7779,0,1,1,0,57.5343,3,20.9582,0,0,0.19286,0,0.079566,0,0,-0.0076271,0,1.5254e-005,0,0,0.073481,0,0.065178,0,0,-0.022286,0,-0.014759,0,0,0.024447,0,0.017003,0,0,1.5101,0,0,0,-0.37051,0,1.804,0.019581,7
1,0,63.255,3,1,0,69.75,3,1,0,41.85,3,0,0,40.0223,0,0,0,0,0,0,0,0,0,0,0,0,0,25.6134,30.5576,20.7905,8.113,0,0,-0.64774,0,0,0,-11.6719,0,39527.3679,4629.6963,97617.0683,0,1543.2321,542.2594,11433.5307,0,180.7531,241075.8045,0,3811.1769,0,0,60.251,4920.5822,360,12192.5428,0,120,41.0049,3,101.6045,0,1,1,0,63.5679,3,25.7699,0,0,-0.22311,0,0.082076,0,0,-0.015254,0,5.7627e-005,0,0,0.074456,0,0.066922,0,0,-0.023494,0,-0.015021,0,0,0.025755,0,0.017266,0,0,4.841,0,0,0,-1.4072,0,1.8061,0.023352,7