0.77848,0,27.855,4,0.79831,0,38.7,4,0.75447,0,9,4,0.00041112,0,95.9902,0,0,-0.0085551,0,0,0,0,0,-0.0016995,0,0,0,0,58.5586,60.9964,56.0325,2.0732,0.9151,0,0.030985,0,0.026716,0,0.4371,0,206607.1542,14112.8578,98278.3251,0,2746.6516,964.0167,6713.1655,0,187.6174,46748.7645,0,1306.5197,0,0,36.5142,14076607260.1486,65624240.3388,4119882953.9038,0,2493884.6489,305936.0669,19205723.3298,0,11626.3285,1225748608.6064,0,730092.9593,0,0,441.834,0
0.90365,0,-24.195,3,1,0,193.5,3,0.55676,0,-149.4,3,0.01236,0,11492.8747,0,0,-0.6685,0,0,0,0,0,-7.9674,0,0,0,0,47.2734,51.8751,43.2078,7.9975,0.53752,0,-0.97446,0,0.169,0,-295.4311,0,134647.644,8544.8202,-68914.07,0,2573.8328,542.2594,-4373.3282,0,163.337,35270.9405,0,-1317.3145,0,0,49.1996,6022396446.4761,24144592.6087,39158612471.6872,0,2386818.3374,96800.0837,156653774.3441,0,9568.2074,369538569026.866,0,15659544.9295,0,0,947.796,0
0.78799,0,15.7874,3,0.80389,0,38.25,3,0.75447,0,4.95,3,0.00025482,0,95.8412,0,0,-0.29206,0,0,0,0,0,-0.045642,0,0,0,0,53.4657,57.1393,49.4567,5.107,-0.93233,0,-0.033234,0,-0.033633,0,-0.73526,0,172232.2691,9664.0866,50857.0409,0,2538.3952,542.2594,2853.6281,0,142.4313,15017.1546,0,749.5417,0,0,37.4114,9833139002.6449,30851999.694,488782554.7752,0,2141477.9116,96800.0837,1533636.3386,0,6718.9906,61633008.5753,0,106058.3557,0,0,466.3794,0
0.71051,0,12.8175,3,0.71381,0,18,3,0.69547,0,8.55,3,1.0135e-005,0,4.4379,0,0,-0.68964,0,0,0,0,0,-0.0046252,0,0,0,0,57.4889,60.3842,54.4157,3.035,-0.61573,0,0.85715,0,-0.003415,0,3.1457,0,199128.1352,10391.2995,44396.7407,0,2461.0573,542.2594,2316.7988,0,128.4278,9898.5037,0,548.7066,0,0,30.4166,13097981620.7985,35607370.2956,689870889.4466,0,1999891.9464,96800.0837,1875401.1976,0,5436.788,36375272.9376,0,105331.2951,0,0,305.3579,0
0.81875,0,22.0612,2.725,0.83259,0,75.15,3,0.78875,0,8.1,0,0.00010546,0,392.8625,0.75567,0,-0.87376,-0.23195,0,0,0.174,0,-0.17785,-0.0020706,0,0,2.9981,46.9623,50.4562,42.7713,5.765,0.87313,0,-0.79411,-0.45937,0.021529,0,-37.7923,-0.95881,132881.3173,7710.4685,62422.8679,0,2316.6667,447.4017,3622.101,0,134.4251,29324.0203,0,1088.2868,0,0,40.389,5868915842.1032,23318289.0253,1517507981.641,0,1783416.5093,92833.1741,6050219.5333,0,7085.7921,565301169.9037,0,460249.9373,0,0,541.9405,0
0.85871,0,23.8687,3,0.86926,0,56.7,3,0.85093,0,3.15,3,5.7065e-005,0,158.0303,0,0,-0.89527,0,0,0,0,0,-0.085018,0,0,0,0,44.9827,49.4224,40.4901,6.7624,0.90957,0,-0.95186,0,0.017868,0,-31.1167,0,121914.7696,8130.7707,64690.3537,0,2327.3118,542.2594,4314.3454,0,155.2137,34325.963,0,1234.917,0,0,44.4276,4934193870.5835,21854684.353,1778184359.2332,0,1787553.1437,96800.0837,7873550.3447,0,7917.5438,652030385.3772,0,643928.7656,0,0,647.6011,0
0.68099,0,11.655,4,0.72975,0,22.05,4,0.64206,0,8.55,4,0.0011489,0,7.7576,0,0,-0.82703,0,0,0,0,0,-0.078078,0,0,0,0,44.4128,46.2146,42.7131,1.0285,0.97676,0,-0.88974,0,0.033577,0,-2.5133,0,118844.8842,10703.6656,31187.8057,0,1822.2789,964.0167,2808.9038,0,164.122,8184.4433,0,478.2106,0,0,27.9415,4650005775.0581,37717423.8628,322233779.8931,0,1091861.8257,305936.0669,2613688.3388,0,8856.3673,22364458.1843,0,75670.8042,0,0,256.3818,0
0.82728,0,79.7512,3.1,1,0,84.15,4,0.20281,0,76.95,0,0.10877,0,9.354,0.99832,0,0.48372,0.45945,0,0,0.018933,0,0.48791,0.1514,0,0,0.057858,87.8266,90.6747,83.3877,4.7418,-0.34768,0,-0.87945,0.15096,-0.24969,0,-5.8571,0.32844,464747.2788,16404.1003,422015.2809,0,4377.6519,579.0126,14895.7968,0,154.5172,383212.351,0,3975.1411,0,0,41.235,72000868596.8045,81015111.51,58063089169.4425,0,5538539.4543,93751.794,65546477.1653,0,6539.8953,46846278329.3381,0,4493708.8367,0,0,467.8364,1
0.94555,0,74.5462,3,1,0,83.25,3,0.86049,0,42.75,3,0.0013988,0,170.6905,0,0,-0.69048,0,0,0,0,0,-0.33738,0,0,0,0,79.5342,84.9699,74.6192,9.0035,0.95587,0,-0.86288,0,0.10727,0,-33.827,0,381129.7606,14376.0635,357227.0872,0,4531.1061,542.2594,13474.4641,0,170.9115,334823.4775,0,4246.9363,0,0,53.8686,47834105380.4379,68046569.6896,46625043240.2895,0,6827350.4615,96800.0837,66328417.1492,0,9712.3376,45583315593.165,0,6657233.8582,0,0,974.5169,1
0.49018,0,86.8162,3,1,0,110.7,3,0.20281,0,7.65,3,0.13922,0,1305.2881,0,0,-0.88867,0,0,0,0,0,-11.9796,0,0,0,0,77.0423,81.2199,74.4704,4.4493,-0.70674,0,0.53622,0,-0.55623,0,40.864,0,357621.078,13925.6381,402990.4433,0,2275.3518,542.2594,15692.3051,0,88.6014,454115.5636,0,2564.0128,0,0,14.4768,41384050255.0751,63291710.6001,71487132766.436,0,2293045.0898,96800.0837,109382672.3064,0,3502.0907,125902196131.3899,0,4042940.9923,0,0,153.3399,1
0.9535,0,27.5699,3,1,0,83.25,3,0.20281,0,-9,3,0.035202,0,751.763,0,0,-0.48881,0,0,0,0,0,-2.5146,0,0,0,0,65.6934,72.7745,58.7223,18.1348,0.40304,0,-0.59981,0,0.32203,0,-70.0346,0,260021.0916,11874.2951,109124.5743,0,3774.0366,542.2594,4983.355,0,172.3477,45796.9492,0,1583.872,0,0,54.7777,22555437306.5641,46726144.8282,4260370623.4516,0,5148491.7512,96800.0837,8836927.3647,0,10665.4411,2122947424.7454,0,971188.4245,0,0,1175.5351,1
0.91202,0,63.4462,3,1,0,63.45,3,0.20281,0,63,3,0.032652,0,0.0016875,0,0,0.36129,0,0,0,0,0,0.0026819,0,0,0,0,75.648,81.6853,70.9963,11.6051,0.61447,0,0.12011,0,0.37826,0,0.016808,0,344794.0631,13673.6179,289179.9267,0,4156.8883,542.2594,11468.1088,0,164.8512,242536.1657,0,3486.396,0,0,50.1161,39105005494.5512,61525218.0136,27521573441.5933,0,6409318.7305,96800.0837,43300791.3785,0,10084.1863,19369389601.7791,0,4510877.0223,0,0,1052.2911,1
0.32244,0,-383.445,2,0.32638,0,-265.05,2,0.32,0,-450,2,4.9099e-006,0,4316.7742,0,0,-0.85575,0,0,0,0,0,-0.12458,0,0,0,0,9.0528,9.5758,8.7719,0.067213,-0.85254,0,0.99001,0,-0.00048975,0,16.8634,0,4937.7849,1090.8835,-209146.8997,0,175.8748,241.0042,-46205.9217,0,38.8553,8858714.2405,0,-7449.4284,0,0,6.2643,7922768.6217,389212.2412,15264895865.7065,0,10111.4893,19121.0042,750014479.3423,0,496.7527,29455007212631.43,0,19485079.8772,0,0,12.9054,1
0.81246,0,105.6412,2.9417,0.98167,0,108.9,4,0.20281,0,102.15,0,0.10367,0,9.7744,0.84531,0,0.58877,0.40857,0,0,0.071446,0,0.59267,0.12095,0,0,0.20537,82.4184,85.5077,77.6109,6.0371,-0.54558,0,-0.92077,-0.061636,-0.43161,0,-7.0731,-0.13924,409272.8631,14607.7131,524592.7712,0,4034.5194,521.3766,18723.696,0,143.9995,672406.1142,0,5171.317,0,0,39.7714,55778049451.6947,66729320.0117,91337849554.0782,0,5774495.2823,80818.3114,109285333.4136,0,6982.3642,149568547598.114,0,9456854.2589,0,0,611.4344,1
1,0,38.1,3,1,0,85.05,3,1,0,3.6,3,0,0,908.8551,0,0,0,0,0,0,0,0,0,0,0,0,0,66.3763,73.7718,59.1179,19.4683,0,0,-0.95872,0,0,0,-127.5268,0,265455.1539,11997.7313,152371.1208,0,3999.2438,542.2594,6886.6915,0,180.7531,87460.9444,0,2295.5638,0,0,60.251,23414441884.6119,47607692.6556,12214934822.8385,0,5289743.6284,96800.0837,24803676.3509,0,10755.5649,7301587476.1931,0,2755964.039,0,0,1195.0628,1
0.85931,0,129.7425,3,1,0,153.45,3,0.20281,0,92.25,3,0.081199,0,640.7927,0,0,-0.46461,0,0,0,0,0,-3.3514,0,0,0,0,63.1846,68.5523,60.4907,6.2559,0.37085,0,-0.96308,0,0.26431,0,-60.9771,0,240539.5782,11420.8078,493921.3218,0,3271.3374,542.2594,23451.361,0,155.3229,1014212.6047,0,6717.3282,0,0,44.4902,18571185433.4372,42397348.1527,85809785243.6345,0,4328347.8538,96800.0837,195970007.2269,0,9887.4488,397763830653.6251,0,20093488.1873,0,0,1017.6949,1
0.83002,0,112.95,2.925,1,0,114.75,4,0.20281,0,102.15,0,0.10445,0,11.585,0.82626,0,0.3279,0.41231,0,0,-0.19923,0,0.3607,0.12113,0,0,-0.61639,75.4816,79.0977,70.1077,8.0907,-0.53168,0,-0.60264,-0.086116,-0.48876,0,-5.8344,-0.22266,343278.2347,13302.4397,513678.8267,0,3774.7997,515.4854,19905.6653,0,146.278,768664.9205,0,5648.5803,0,0,41.5089,39375560746.4152,56094853.6852,88986085783.3207,0,5213700.4801,80806.4105,126756907.4334,0,7494.0721,201108980160.7513,0,11784922.35,0,0,703.8898,1
0.8194,0,68.4525,2.8583,0.98167,0,70.65,4,0.20281,0,59.4,0,0.10089,0,10.2516,0.74447,0,-0.33039,0.39305,0,0,-0.11364,0,-0.336,0.10772,0,0,-0.31393,90.5992,93.8411,85.6022,6.7861,-0.59267,0,0.84447,-0.19354,-0.4904,0,7.0436,-0.43502,494553.3057,15602.7706,373661.292,0,4472.8776,492.2552,11788.722,0,141.1158,282320.9542,0,3379.4966,0,0,40.4539,81330296523.1301,82155898.9894,47323429012.4603,0,8140264.5755,83575.6531,47827039.9617,0,8268.6254,27539965568.507,0,4741663.8372,0,0,826.4507,1
0.53722,0,54.8887,3,1,0,59.4,3,0.20281,0,34.65,3,0.1063,0,41.6214,0,0,-0.83169,0,0,0,0,0,-1.7494,0,0,0,0,81.077,83.7725,79.114,2.4741,-0.4355,0,0.32522,0,-0.22333,0,3.3002,0,396059.2616,14654.9262,268130.1536,0,2624.3051,542.2594,9921.3123,0,97.1042,181522.7826,0,1776.6416,0,0,17.3888,50877794806.4287,70176931.153,25302528583.0988,0,2182244.0801,96800.0837,34908685.3828,0,3003.8787,12605918363.4798,0,1075396.6899,0,0,121.1336,1
0.7693,0,39.0787,2.5917,1,0,137.7,3,0.20281,0,6.75,0,0.12246,0,1881.1842,0.69741,0,-0.83558,0.72315,0,0,-0.63213,0,-12.6822,0.21133,0,0,-22.8962,55.1041,60.9518,51.189,9.6251,0.67396,0,-0.63028,0.51839,0.73169,0,-84.8106,1.3431,182949.775,8604.5345,129744.3444,0,2554.1382,404.6904,6102.1648,0,120.1268,92012.1105,0,1811.344,0,0,35.658,10775795097.7074,26926042.8713,9025761535.8141,0,2759693.2606,67972.1978,22645030.2985,0,6995.7878,11024777296.3975,0,2410928.6272,0,0,725.1712,1
0.82728,0,86.4,3.0167,1,0,86.4,4,0.20281,0,86.4,0,0.10877,0,3.9915e-026,0.92409,0,-4.2144e-015,0.41064,0,0,1.7673e-017,0,-2.8171e-028,0.13018,0,0,6.3639e-030,81.604,84.8518,76.5147,6.5525,-0.4607,0,1.8583e-015,0.047952,-0.38893,0,9.2319e-028,0.118,401224.9968,14832.133,424805.4004,0,4067.4928,548.3013,15703.8326,0,150.3635,449771.6485,0,4306.5435,0,0,41.235,53754852397.7935,66612652.1714,59831078295.3152,0,5317004.4569,84158.3206,74173471.1974,0,6736.3114,66595622647.2509,0,5919746.9582,0,0,545.6904,1
0.83392,0,72.45,2.9917,1,0,72.45,4,0.20281,0,72.45,0,0.1057,0,7.3312e-027,0.89909,0,-3.8027e-015,0.4301,0,0,5.2257e-018,0,-1.0691e-028,0.13259,0,0,-2.3334e-030,89.4061,92.4411,84.6592,5.7039,-0.47113,0,-3.0075e-014,0.018314,-0.36581,0,-6.1501e-027,0.041473,481613.8658,16115.5447,390274.5003,0,4492.1666,539.251,13059.1883,0,150.3148,316257.8912,0,3640.2151,0,0,41.8999,77274868118.7485,79165705.2514,50441487590.3643,0,6655269.9429,82462.7518,51689550.7346,0,6938.7863,32926401764.5133,0,4344711.9735,0,0,590.1854,1
0.83392,0,66.5887,2.8667,1,0,67.95,4,0.20281,0,63.45,0,0.1057,0,2.3499,0.75518,0,0.67973,0.39519,0,0,0.14647,0,0.33876,0.11165,0,0,0.19512,79.6255,83.5613,73.4927,10.1009,-0.59214,0,-0.38063,-0.17643,-0.61183,0,-1.8544,-0.48728,382004.5183,13752.8828,319460.4772,0,4000.7426,495.1297,11501.1794,0,144.0343,267156.5168,0,3345.7173,0,0,41.8999,48751894331.3132,63364020.0126,34433213040.2959,0,6444091.1284,82976.3655,44762550.3349,0,8423.3932,24321148916.4972,0,4553661.9881,0,0,864.6162,1
0.62958,0,56.3099,4,1,0,106.65,4,0.20281,0,-13.05,4,0.10093,0,1869.0012,0,0,0.55637,0,0,0,0,0,7.6416,0,0,0,0,76.301,76.9846,75.567,0.19031,-0.20066,0,-0.39086,0,-0.02781,0,-7.3716,0,350772.0605,18388.859,258868.895,0,2894.3168,964.0167,13570.9315,0,151.7315,191044.591,0,2135.9985,0,0,23.8818,40707022169.546,111595636.3718,31474830002.5975,0,2565084.8995,305936.0669,86315522.6568,0,7044.0252,30069427518.6075,0,2235971.4046,0,0,204.5305,1
1,0,90.2325,3,1,0,90.45,3,1,0,87.3,3,0,0,0.37091,0,0,0,0,0,0,0,0,0,0,0,0,0,78.0205,83.8422,71.6117,12.1395,0,0,-0.5464,0,0,0,-1.1594,0,366760.033,14102.4495,424166.4235,0,4700.8165,542.2594,16309.8075,0,180.7531,490558.236,0,5436.6025,0,0,60.251,44609857154.2814,65713205.5929,59655951858.8888,0,7301467.2881,96800.0837,87877226.3534,0,10755.5649,79777022714.0587,0,9764136.2615,0,0,1195.0628,1
1,0,132.9787,3,1,0,140.85,3,1,0,104.85,3,0,0,181.229,0,0,0,0,0,0,0,0,0,0,0,0,0,77.4136,82.9473,71.9138,10.4777,0,0,-0.77611,0,0,0,-33.8199,0,361076.0631,13992.7444,620245.8454,0,4664.2481,542.2594,24036.3249,0,180.7531,1065440.0778,0,8012.1083,0,0,60.251,43117401770.9911,64604640.607,134300294079.6682,0,7178293.4008,96800.0837,201223144.8931,0,10755.5649,418785130648.3596,0,22358127.2103,0,0,1195.0628,1
1,0,85.5149,3,1,0,189,3,1,0,4.95,3,0,0,4621.8782,0,0,0,0,0,0,0,0,0,0,0,0,0,64.808,72.6661,58.8208,17.4685,0,0,-0.96266,0,0,0,-273.534,0,253059.1936,11714.2533,333914.4971,0,3904.7511,542.2594,15457.091,0,180.7531,440603.9938,0,5152.3637,0,0,60.251,21051526324.2341,45141433.6784,61438089434.2152,0,5015714.8532,96800.0837,131598689.4138,0,10755.5649,201676911838.09,0,14622076.6015,0,0,1195.0628,1
0.68784,0,55.4812,3,1,0,58.95,3,0.5193,0,34.65,3,0.039312,0,38.7286,0,0,-0.82792,0,0,0,0,0,-1.0216,0,0,0,0,84.7815,86.5741,84.1443,0.28769,0.4845,0,-0.83045,0,0.051525,0,-2.772,0,433079.0591,15324.5293,283407.9278,0,3513.583,542.2594,10028.407,0,124.3283,185462.7968,0,2299.2967,0,0,28.5058,61209195248.6358,76974078.0424,28187702072.4551,0,3844453.018,96800.0837,35450968.1704,0,4833.0077,12996139442.1855,0,1764582.4094,0,0,247.0778,1
0.83392,0,70.5787,2.0667,1,0,83.25,3,0.20281,0,57.15,0,0.1057,0,71.0652,0.51653,0,0.28273,0.36316,0,0,-0.2963,0,0.77487,0.084855,0,0,-1.7952,56.7285,62.8949,48.9333,16.4151,-0.43946,0,-0.89754,0.16667,-0.57885,0,-30.6551,0.48532,193895.0261,7063.7621,241234.3972,0,2850.2942,257.3389,8788.376,0,103.8387,300131.6516,0,3546.1921,0,0,41.8999,12747530013.8997,14987333.9159,19932843030.9605,0,2703571.5232,18087.6031,23435154.0285,0,3246.4775,31186601692.9199,0,4222944.1316,0,0,590.1854,2
0.89547,0,64.8375,3,0.91948,0,121.95,3,0.87245,0,-2.7,3,0.00032578,0,1310.3617,0,0,-0.75358,0,0,0,0,0,-0.49236,0,0,0,0,66.3943,72.1645,61.3289,10.6724,0.83845,0,-0.97504,0,0.049439,0,-115.305,0,265598.8262,12000.9776,259371.0956,0,3582.1675,542.2594,11719.5801,0,161.8588,253289.392,0,3498.1732,0,0,48.3132,23258978259.1214,47449556.998,29860945602.7891,0,4248777.2845,96800.0837,60900527.6435,0,8667.7854,39263991984.1823,0,5453477.3322,0,0,776.145,2
1,0,67.65,3,1,0,83.7,3,1,0,40.95,3,0,0,204.5834,0,0,0,0,0,0,0,0,0,0,0,0,0,65.5255,72.2705,59.1699,14.6411,0,0,-0.9662,0,0,0,-52.8799,0,258693.3383,11843.9393,267080.6337,0,3947.9798,542.2594,12227.9408,0,180.7531,275739.8602,0,4075.9803,0,0,60.251,22149985774.8399,46304484.8149,25723010735.3772,0,5144942.7572,96800.0837,53770382.009,0,10755.5649,29947598664.7235,0,5974486.8899,0,0,1195.0628,2
0.99103,0,46.9762,3,1,0,84.15,3,0.87564,0,-4.5,3,0.00070897,0,730.2972,0,0,-0.44442,0,0,0,0,0,-0.31979,0,0,0,0,63.6861,70.5478,57.4464,15.3442,0.50562,0,-0.97525,0,0.052737,0,-103.2374,0,244373.133,11511.4566,180254.9244,0,3802.7393,542.2594,8491.1001,0,179.1321,132959.9427,0,2804.983,0,0,59.1752,19766347488.1971,43742047.3392,15863364410.0145,0,4839815.0654,96800.0837,35089863.9137,0,10710.4231,13134576887.431,0,3883698.3376,0,0,1185.0856,2
0.76283,0,67.8599,3,0.97848,0,131.4,3,0.20281,0,15.3,3,0.086883,0,1910.7278,0,0,-0.89849,0,0,0,0,0,-11.5765,0,0,0,0,77.6399,82.1979,75.707,3.1479,0.17541,0,-0.53994,0,0.091734,0,-41.8755,0,363190.5772,14033.6563,317440.9161,0,3568.4327,542.2594,12265.8929,0,137.884,277454.1564,0,3118.9315,0,0,35.0607,42112536739.7743,63843945.9279,46400685959.6415,0,5382313.1141,96800.0837,70325987.3198,0,8167.8193,54789584605.6371,0,6068606.4624,0,0,700.8442,2
1,0,44.7862,3,1,0,68.4,3,1,0,4.95,3,0,0,428.9768,0,0,0,0,0,0,0,0,0,0,0,0,0,77.4194,84.3927,70.612,16.0433,0,0,-0.97274,0,0,0,-80.6977,0,361130.7224,13993.8034,208909.7206,0,4664.6011,542.2594,8095.2447,0,180.7531,120851.7267,0,2698.4149,0,0,60.251,43178195946.4513,64650102.5722,19319758222.9987,0,7183344.7302,96800.0837,28919299.6161,0,10755.5649,8826726611.6435,0,3213255.5129,0,0,1195.0628,2
0.87515,0,44.3174,3,0.96333,0,103.5,3,0.79831,0,2.7,3,0.001188,0,1597.9564,0,0,-0.71621,0,0,0,0,0,-0.98682,0,0,0,0,67.1989,72.7498,62.4022,9.7744,0.87045,0,-0.93229,0,0.093799,0,-116.514,0,272075.1088,12146.4105,179432.6136,0,3543.2995,542.2594,8010.5167,0,158.1856,118335.2015,0,2336.794,0,0,46.1452,24388002020.9221,48587556.2413,18487846558.6388,0,4134703.4218,96800.0837,36800181.1325,0,8237.4803,17259425109.0163,0,3132267.5736,0,0,700.9929,2
0.72433,0,71.4149,3,0.74809,0,162,3,0.68272,0,-5.849,3,0.00025432,0,3442.6395,0,0,-0.1297,0,0,0,0,0,-0.12136,0,0,0,0,61.4258,64.5354,59.047,3.049,0.075709,0,-0.97635,0,0.0021082,0,-100.0305,0,227334.9448,11102.9057,264304.3299,0,2680.709,542.2594,12908.4688,0,130.9243,307285.705,0,3116.6479,0,0,31.6106,16967873001.9389,40527620.9681,39700093108.5219,0,2384403.3801,96800.0837,94801369.7877,0,5695.1694,104181623008.2194,0,5577998.2205,0,0,335.0797,2
0.92863,0,53.7037,3,0.95376,0,88.2,3,0.86926,0,28.35,3,0.00059741,0,437.0474,0,0,-0.86763,0,0,0,0,0,-0.44334,0,0,0,0,76.1113,82.0471,70.7216,11.8189,0.82304,0,-0.96747,0,0.069158,0,-69.5329,0,349030.2212,13757.3589,246273.6913,0,4258.5066,542.2594,9707.1123,0,167.8531,173769.2823,0,3004.7774,0,0,51.9579,40166101207.2572,62354375.3227,22346927968.6934,0,6040037.0848,96800.0837,34683727.3508,0,9376.7124,12631702845.0056,0,3359205.525,0,0,908.3267,2
0.94915,0,42.5699,3,1,0,80.099,3,0.87245,0,16.2,3,0.0020448,0,769.5361,0,0,-0.88204,0,0,0,0,0,-1.1064,0,0,0,0,73.4738,80.0623,67.7078,13.8063,0.95721,0,-0.88539,0,0.16083,0,-91.2615,0,325259.4326,13280.6246,188451.6571,0,4201.7807,542.2594,7694.6445,0,171.5624,109186.7706,0,2434.4645,0,0,54.2796,34838217080.6072,58071648.3065,15405996468.0647,0,5852332.7308,96800.0837,25657054.1843,0,9755.2611,7707538343.7115,0,2587886.9465,0,0,983.135,2
0.81396,0,51.2287,3,0.81665,0,78.75,3,0.80389,0,20.25,3,1.5208e-005,0,366.3855,0,0,-0.83467,0,0,0,0,0,-0.062305,0,0,0,0,66.3183,70.7605,61.8888,6.804,0.83306,0,-0.98904,0,0.0084742,0,-49.3818,0,264990.9982,11987.2375,204696.8317,0,3252.3898,542.2594,9259.7468,0,147.1264,158121.5709,0,2512.3642,0,0,39.9185,23196473704.2017,47385835.4273,16038949306.8017,0,3495375.1228,96800.0837,32760275.2852,0,7140.3738,11216750213.1323,0,2416543.6444,0,0,526.7047,2
0.61975,0,138.1462,3,0.87564,0,157.95,3,0.22195,0,82.8,3,0.039172,0,575.9977,0,0,-0.79037,0,0,0,0,0,-3.7543,0,0,0,0,80.1557,81.598,78.8682,1.1707,-0.54182,0,0.57984,0,-0.11603,0,15.0568,0,387108.7429,14488.3871,667171.8328,0,2993.0526,542.2594,24970.3577,0,112.0215,1149853.2716,0,5158.4482,0,0,23.1417,48942341630.5083,68830035.5862,161336865240.7116,0,2701028.4236,96800.0837,226931080.7606,0,3796.5918,533477832106.7507,0,8857582.8431,0,0,155.2116,2
0.86075,0,22.2898,3,0.86926,0,67.95,3,0.82303,0,4.5,3,0.00018719,0,265.2302,0,0,0.62555,0,0,0,0,0,0.13939,0,0,0,0,72.7974,77.734,67.3716,9.3051,-0.78141,0,-0.94345,0,-0.032612,0,-46.8694,0,319298.2929,13158.3626,97765.7201,0,3775.3586,542.2594,4028.9498,0,155.5835,29934.8172,0,1155.9744,0,0,44.6396,33809289420.387,57207794.8247,4455592810.901,0,4747911.5144,96800.0837,7536608.4447,0,8033.7875,630817107.7769,0,625542.9968,0,0,666.7722,2
0.69457,0,61.0875,3,0.70424,0,126,3,0.63011,0,2.25,3,0.00029201,0,1955.1115,0,0,-0.68605,0,0,0,0,0,-0.51837,0,0,0,0,70.8147,73.5107,68.9183,2.179,0.59395,0,-0.95495,0,0.014982,0,-62.3296,0,302142.4221,12799.9833,260639.518,0,2963.5002,542.2594,11041.7513,0,125.5459,224837.5381,0,2556.4277,0,0,29.0669,29940940387.9495,53835665.7229,34168620214.942,0,2922131.5414,96800.0837,61427426.3535,0,5254.2279,42670125292.103,0,3333966.3482,0,0,285.2046,2
0.69797,0,49.8787,3,0.71062,0,77.85,3,0.66757,0,30.6,3,0.00018375,0,358.8674,0,0,0.71048,0,0,0,0,0,0.18244,0,0,0,0,67.9709,70.7874,64.8895,3.0662,-0.8432,0,-0.96076,0,-0.020014,0,-31.8698,0,278362.7113,12285.9595,204269.3658,0,2858.3937,542.2594,9015.7376,0,126.1595,149897.8567,0,2097.5592,0,0,29.3517,25581144857.9887,49761992.5557,15183915822.3423,0,2716629.8998,96800.0837,29535202.8357,0,5284.542,9177841440.6667,0,1612059.2453,0,0,288.506,2
0.78087,0,48.9562,3,0.79831,0,99.45,3,0.71062,0,12.15,3,0.00045759,0,843.305,0,0,-0.88301,0,0,0,0,0,-0.54853,0,0,0,0,73.7126,77.5918,70.4529,5.0216,0.72487,0,-0.93446,0,0.034747,0,-60.8099,0,327376.6997,13323.7794,217427.24,0,3468.0618,542.2594,8848.9883,0,141.1453,144404.3047,0,2303.3133,0,0,36.7389,35252847083.6307,58416389.8407,19477527312.5902,0,4019761.1981,96800.0837,32267883.2219,0,6661.0674,11457452934.7608,0,2218743.9086,0,0,458.402,2
0.95916,0,41.8499,3,1,0,92.25,3,0.93782,0,2.25,3,0.00013371,0,604.8246,0,0,-0.75887,0,0,0,0,0,-0.2158,0,0,0,0,46.6638,52.2251,41.0974,10.4933,0.74803,0,-0.99461,0,0.028019,0,-79.2364,0,131197.2832,8434.6287,117662.86,0,2696.7311,542.2594,7564.5053,0,173.3719,105524.6594,0,2418.534,0,0,55.4307,5734730711.5488,23560873.2557,6440103258.3134,0,2401707.4725,96800.0837,26441280.4268,0,9867.447,7465580336.5158,0,2695227.0789,0,0,1005.8536,3
0.71829,0,30.7087,2,0.85411,0,47.25,2,0.67634,0,15.3,2,0.00088068,0,134.1227,0,0,0.29526,0,0,0,0,0,0.10148,0,0,0,0,57.0198,59.8821,53.1565,3.6187,-0.59213,0,-0.91302,0,-0.033427,0,-20.1145,0,195891.9457,6871.01,105499.9784,0,2467.7031,241.0042,3700.4656,0,86.5559,56818.2903,0,1329.0114,0,0,31.0863,12733036917.1573,15603451.8373,4289627871.53,0,1990251.7139,19121.0042,5256065.8956,0,2438.9194,1468485888.3203,0,670441.3145,0,0,311.1067,3
0.6477,0,111.2437,3,0.64844,0,134.1,3,0.64525,0,25.2,3,1.8345e-006,0,863.2664,0,0,-0.2549,0,0,0,0,0,-0.010144,0,0,0,0,64.2958,65.7229,63.0904,0.51323,0.23539,0,-0.84923,0,0.00022841,0,-17.8753,0,249074.8701,11621.6691,430945.7598,0,2509.1064,542.2594,20107.6449,0,117.0732,745616.1589,0,4341.2197,0,0,25.276,20407165483.614,44445642.8683,72274234746.7868,0,2070853.9837,96800.0837,157410755.3853,0,4510.2019,257061552709.06,0,7334129.2583,0,0,210.1437,4
0.56054,0,101.4787,3,0.56314,0,114.3,3,0.55676,0,51.75,3,9.9105e-006,0,172.731,0,0,-0.25305,0,0,0,0,0,-0.01047,0,0,0,0,60.1778,60.4175,59.323,0.051336,0.71156,0,-0.16581,0,0.00050754,0,-0.49375,0,218191.4949,10877.3339,367939.3545,0,2032.3851,542.2594,18342.5995,0,101.3189,620461.2544,0,3427.2392,0,0,18.931,15725630966.1045,39015905.1078,48918368279.319,0,1363532.6822,96800.0837,121363292.7529,0,3382.9775,152458008230.0371,0,4241633.119,0,0,118.2288,4
0.65261,0,28.1025,2,0.66438,0,96.75,2,0.63569,0,-8.1,2,0.00013787,0,1651.4385,0,0,0.81747,0,0,0,0,0,0.39007,0,0,0,0,58.6851,59.9016,57.1004,0.75112,-0.88117,0,-0.96241,0,-0.0089671,0,-33.8957,0,207500.7449,7071.6722,99365.9813,0,2307.5306,241.0042,3386.4151,0,78.6412,47583.4352,0,1105.0083,0,0,25.6611,14229668923.647,16495000.4147,9244070378.437,0,1756698.0492,19121.0042,10716695.5213,0,2036.3626,8856683234.671,0,1141450.7048,0,0,216.8703,4
0.29769,0,62.475,2,0.548,0,79.65,2,0.20281,0,54,2,0.014853,0,60.1145,0,0,-0.6232,0,0,0,0,0,-0.58888,0,0,0,0,30.377,33.3063,28.8849,1.9956,-0.7137,0,0.96072,0,-0.12287,0,10.5225,0,55597.5055,3660.4961,114344.7154,0,544.8497,241.0042,7528.3662,0,35.8725,235167.2762,0,1120.5662,0,0,5.3395,996396296.79,4364718.553,4128352496.7094,0,98081.9615,19121.0042,18081222.2095,0,429.1319,17116571745.2475,0,407714.4575,0,0,9.9637,5
0.50828,0,72.54,2,0.66997,0,165.15,2,0.20281,0,33.75,2,0.034265,0,2040.9156,0,0,-0.97318,0,0,0,0,0,-8.1382,0,0,0,0,31.4558,34.1465,29.8129,1.7004,0.50559,0,-0.39119,0,0.12204,0,-23.045,0,59616.3862,3790.4879,137480.9171,0,963.3056,241.0042,8741.2167,0,61.2482,317043.7489,0,2221.4721,0,0,15.5655,1131426209.7256,4650901.1782,6317906388.6295,0,379218.3095,19121.0042,25863867.0531,0,1560.3763,42454777523.5224,0,2113916.6354,0,0,129.4475,5
0.71994,0,38.9587,3,0.76403,0,81.9,3,0.60141,0,25.2,3,0.001993,0,239.4147,0,0,-0.72817,0,0,0,0,0,-0.50298,0,0,0,0,54.6865,58.0802,51.6102,3.7776,0.8829,0,-0.55566,0,0.076607,0,-16.7106,0,180187.6829,9884.7593,128365.9012,0,2372.1285,542.2594,7041.9133,0,130.1305,91448.0075,0,1689.9069,0,0,31.2285,10696232181.4146,32177549.5401,4476639989.1706,0,1896812.2047,96800.0837,13462380.395,0,5706.2258,2094877227.3962,0,791291.7813,0,0,336.4172,6
0.70342,0,14.91,3,0.75447,0,27.45,3,0.69547,0,6.75,3,0.00020634,0,61.182,0,0,-0.20959,0,0,0,0,0,-0.02355,0,0,0,0,66.4879,69.3643,63.3097,2.9767,-0.57434,0,0.33225,0,-0.014234,0,4.4838,0,266348.1349,12017.8943,59728.7678,0,2817.8752,542.2594,2695.0218,0,127.1453,13394.2207,0,631.9106,0,0,29.8122,23427332657.7308,47621073.417,1655004574.8617,0,2589468.3472,96800.0837,3363734.7818,0,5263.6648,122272989.195,0,182870.1154,0,0,286.2294,6
0.52915,0,-21.2174,3,0.55437,0,-4.05,3,0.51292,0,-52.2,3,0.00021652,0,223.5217,0,0,0.75973,0,0,0,0,0,0.16714,0,0,0,0,48.8586,49.9659,47.7657,0.42141,0.84055,0,0.89734,0,0.008029,0,8.709,0,143828.8984,8831.3405,-62459.2138,0,1557.7159,542.2594,-3835.1026,0,95.6464,27123.5713,0,-676.4545,0,0,16.8706,6810900448.8913,25676754.1272,1656429394.5134,0,800547.9067,96800.0837,6244206.3848,0,3018.0264,453870988.2885,0,194640.7088,0,0,94.0968,6
0.72412,0,52.5262,3,0.72975,0,75.15,3,0.71062,0,5.4,3,2.6614e-005,0,621.6936,0,0,-0.053758,0,0,0,0,0,-0.0069149,0,0,0,0,71.9525,74.8833,69.1322,2.7964,0.27673,0,-0.94054,0,0.0023873,0,-39.2166,0,311929.3764,13005.6388,227712.2618,0,3139.216,542.2594,9494.2755,0,130.887,166232.7376,0,2291.6661,0,0,31.5927,32045129622.3648,55695335.8087,23432033967.6336,0,3257376.4746,96800.0837,40723942.5515,0,5661.4165,17652647487.1853,0,2382133.4715,0,0,331.1132,6
0.7815,0,42.0937,3,0.86926,0,109.8,3,0.61416,0,5.4,3,0.0091092,0,1066.3841,0,0,-0.98285,0,0,0,0,0,-3.0633,0,0,0,0,62.2162,66.6235,59.4071,5.2823,0.8598,0,-0.88687,0,0.1886,0,-66.5625,0,233223.2141,11245.7763,157792.1418,0,2929.541,542.2594,7608.5699,0,141.2594,106757.6404,0,1982.0434,0,0,36.7983,17768730365.5963,41472796.3924,11962064095.0122,0,2965085.8566,96800.0837,27901987.5601,0,6921.2758,8882341934.508,0,1997386.1114,0,0,495.3958,6
0.83954,0,14.2237,3,0.84136,0,28.35,3,0.82303,0,6.75,3,1.3183e-005,0,57.7663,0,0,-0.53981,0,0,0,0,0,-0.014896,0,0,0,0,61.0534,65.647,56.3472,7.3969,-0.36907,0,0.61926,0,-0.0036445,0,12.8008,0,224586.5372,11035.5863,52322.3507,0,3088.2708,542.2594,2570.9814,0,151.7494,12189.6371,0,719.4803,0,0,42.4666,16694605570.9949,40199941.3249,752685119.6046,0,3154644.8068,96800.0837,1811778.9348,0,7596.2758,43292273.0639,0,142156.1547,0,0,596.1093,6
0.7837,0,34.0274,3,0.79831,0,56.25,3,0.7728,0,11.699,3,3.2398e-005,0,171.9904,0,0,-0.78408,0,0,0,0,0,-0.058529,0,0,0,0,56.7986,60.5087,53.0738,4.7055,0.87719,0,-0.95065,0,0.010831,0,-27.0444,0,194374.6898,10266.5235,116447.8435,0,2681.9468,542.2594,6150.5669,0,141.6556,69762.685,0,1606.7263,0,0,37.005,12485576475.7976,34764971.2099,4866235726.8929,0,2371018.546,96800.0837,13548418.7379,0,6601.8998,1930499900.2559,0,924094.8264,0,0,450.2591,6
0.73273,0,19.095,3,1,0,22.5,3,0.60778,0,8.1,3,0.022671,0,29.3396,0,0,0.50863,0,0,0,0,0,0.41482,0,0,0,0,57.7661,61.8053,55.3044,3.12,0.95143,0,0.68681,0,0.25304,0,6.5711,0,201052.8682,10441.3989,66459.4749,0,2550.2418,542.2594,3451.4797,0,132.4432,21968.6585,0,843.0008,0,0,32.3484,13176950661.198,35714284.7457,1738051701.6721,0,2078541.1926,96800.0837,4712020.8869,0,5632.1573,231320266.1562,0,273402.8819,0,0,329.632,6
0.80813,0,25.1732,3,1,0,71.1,3,0.71062,0,15.3,3,0.011357,0,232.9089,0,0,-0.52409,0,0,0,0,0,-0.85238,0,0,0,0,61.96,66.8343,58.3433,5.7448,0.96487,0,-0.70163,0,0.24646,0,-25.6646,0,231306.5832,11199.472,93975.547,0,3016.8778,542.2594,4550.1364,0,146.0721,38180.5105,0,1225.7011,0,0,39.3484,17521083118.0508,41182845.7002,2811125833.1756,0,2942358.1215,96800.0837,6600390.5502,0,6915.4017,516086054.9174,0,476646.6587,0,0,494.4604,6
0.95154,0,38.85,2.1667,1,0,77.85,3,0,0,-7.65,0,0.040599,0,1290.9574,0.493,0,0.23084,0.60951,0,0,-0.29824,0,1.6712,0.08623,0,0,-7.5239,64.7646,71.9031,58.3971,13.9977,-0.16784,0,-0.9169,0.40024,-0.12653,0,-123.2551,1.0514,252720.0496,8454.623,151597.8939,0,3713.0258,282.8452,5071.6318,0,124.2174,90938.2594,0,2227.314,0,0,54.5527,21136970049.309,21509876.6178,15136936981.647,0,4499715.6695,22391.9633,15506586.1805,0,4602.3172,13167429606.3947,0,3222637.9871,0,0,959.7401,6
0.90858,0,143.9249,3,1,0,183.6,3,0.71062,0,92.7,3,0.0060718,0,680.777,0,0,-0.88469,0,0,0,0,0,-1.7987,0,0,0,0,60.617,65.4083,57.4259,6.1313,0.87302,0,-0.92807,0,0.16845,0,-59.9598,0,221387.3309,10956.7041,525647.6958,0,3318.357,542.2594,26014.8864,0,164.2292,1248063.7395,0,7878.8912,0,0,49.7386,16033340299.4947,39395589.7823,92629773719.1008,0,3726881.8025,96800.0837,227580281.9853,0,9157.6991,535889089797.6717,0,21526550.8913,0,0,866.5102,6
0.74442,0,17.9475,3,0.81346,0,35.1,3,0.72657,0,13.95,3,0.00030582,0,27.9353,0,0,-0.59168,0,0,0,0,0,-0.054688,0,0,0,0,64.9082,68.4462,61.3983,4.1718,0.87442,0,-0.78329,0,0.031233,0,-8.4559,0,253842.1412,11732.3608,70188.7835,0,2911.2758,542.2594,3244.0639,0,134.5566,19407.5945,0,804.9842,0,0,33.389,21261034192.4275,45365942.15,1497932319.688,0,2780218.1452,96800.0837,3196101.4624,0,5932.32,107698374.7563,0,195871.0532,0,0,363.5596,6
0.60016,0,18.7837,3,0.64844,0,49.5,3,0.548,0,2.25,3,0.0010806,0,139.0156,0,0,0.72867,0,0,0,0,0,0.28242,0,0,0,0,58.7883,60.5867,56.7685,1.0795,0.066012,0,-0.051681,0,0.0022547,0,-0.63311,0,208231.2422,10626.1635,66532.9188,0,2125.8154,542.2594,3395.2142,0,108.4816,21258.2379,0,679.229,0,0,21.7023,14308679909.6805,37216675.389,881221737.4385,0,1427610.6995,96800.0837,2292814.9461,0,3713.2768,113963729.0727,0,91118.4337,0,0,142.714,6
0.50418,0,29.6699,3,0.54481,0,88.65,3,0.49379,0,7.2,3,0.00011509,0,771.5273,0,0,-0.50319,0,0,0,0,0,-0.14995,0,0,0,0,56.9112,57.6678,56.162,0.20159,0.74166,0,-0.88472,0,0.0035725,0,-11.0336,0,195145.9845,10286.8726,101736.9983,0,1728.8003,542.2594,5362.9366,0,91.1315,53039.3533,0,901.2891,0,0,15.3155,12542681354.1988,34844404.8942,5020619654.1173,0,977603.6225,96800.0837,13947941.8823,0,2715.8486,2696827074.4664,0,391476.3866,0,0,76.1973,6
0.55637,0,20.235,3,0.55676,0,63,3,0.55437,0,-4.05,3,8.0068e-007,0,454.1782,0,0,0.37662,0,0,0,0,0,0.007182,0,0,0,0,55.1295,56.3468,53.7647,0.58101,-0.61724,0,-0.94283,0,-0.00042099,0,-15.3158,0,183118.9056,9964.8357,67212.7337,0,1848.0303,542.2594,3657.5352,0,100.5648,24670.0446,0,678.3088,0,0,18.6503,11056303534.49,32714689.9582,2799765788.1586,0,1126079.743,96800.0837,8283863.5774,0,3331.977,908048738.087,0,285130.0001,0,0,114.6907,6
0.57228,0,49.7175,2.0167,0.60141,0,85.5,3,0.56314,0,30.6,0,9.8598e-005,0,291.8178,0.52073,0,-0.51556,0.49465,0,0,-0.05214,0,-0.087452,0.0035443,0,0,-0.64274,52.5708,55.6884,51.3708,0.95443,0.95453,0,-0.70029,0.38149,0.0092596,0,-11.687,0.26894,166515.1697,6387.6824,157477.4094,0,1812.6743,245.0377,6040.9852,0,69.5359,148930.1816,0,1714.2898,0,0,19.7327,9042676032.9548,12123849.8151,7965929091.2662,0,1068869.1724,16648.3389,10776606.7821,0,1433.3341,7197951119.8058,0,941821.3962,0,0,126.3438,6
0.61015,0,36.6149,3,0.63011,0,40.5,3,0.56952,0,24.3,3,0.00042612,0,29.0368,0,0,0.87063,0,0,0,0,0,0.096843,0,0,0,0,52.0995,54.0633,50.1531,1.3235,0.91604,0,0.7543,0,0.021754,0,4.6762,0,163543.1382,9417.1549,114936.1924,0,1915.2893,542.2594,6618.2656,0,110.2864,80775.803,0,1346.0428,0,0,22.4304,8813664633.7572,29208960.1696,4772333144.1673,0,1220166.3486,96800.0837,15815665.6444,0,4043.6964,2591714829.7489,0,660857.9234,0,0,168.9265,6
0.81715,0,-12.7537,3,0.84774,0,82.35,3,0.79193,0,-44.55,3,0.00021155,0,1003.7948,0,0,0.54567,0,0,0,0,0,0.25146,0,0,0,0,56.3403,60.5804,51.3163,6.5095,-0.081194,0,-0.62031,0,-0.0030131,0,-50.1428,0,191250.4665,10183.6814,-43293.2339,0,2773.8488,542.2594,-2305.2728,0,147.7016,9800.259,0,-627.9142,0,0,40.2312,12159568791.6671,34308051.4209,3809074045.3879,0,2518747.6003,96800.0837,10736366.7607,0,7106.7474,2121626716.6629,0,789915.2805,0,0,521.8369,6
0.64932,0,163.3462,3,0.66757,0,263.25,3,0.62373,0,-6.75,3,0.00027873,0,6206.7491,0,0,-0.89607,0,0,0,0,0,-1.1786,0,0,0,0,55.2226,56.7028,54.6578,0.36217,0.71209,0,-0.93055,0,0.0071545,0,-44.119,0,183737.607,9981.6555,543488.4171,0,2160.4432,542.2594,29525.3337,0,117.3674,1607616.7765,0,6390.5036,0,0,25.4032,11009892544.2838,32645794.8035,129404037347.8657,0,1538755.1671,96800.0837,383743383.1743,0,4562.7228,1549126904321.855,0,18092335.916,0,0,215.0709,6
0.7765,0,45.4574,4,0.81346,0,86.849,4,0.75447,0,25.2,4,0.00010037,0,518.5511,0,0,-0.77932,0,0,0,0,0,-0.1778,0,0,0,0,60.3795,62.6289,58.158,1.7603,0.79207,0,-0.93638,0,0.010528,0,-28.29,0,219656.209,14551.7099,165370.9066,0,2824.8581,964.0167,10955.4356,0,187.1402,124501.5421,0,2126.7295,0,0,36.3287,15900804949.6414,69746892.5996,10242866594.6498,0,2633750.5469,305936.0669,44925868.614,0,11552.6169,6922351481.2966,0,1695999.4917,0,0,436.2493,6
0.61992,0,58.6762,3,0.68272,0,75.6,3,0.59822,0,37.8,3,0.00082709,0,174.7881,0,0,0.42508,0,0,0,0,0,0.16162,0,0,0,0,52.3912,54.2551,50.185,1.2836,-0.50068,0,-0.97161,0,-0.016314,0,-14.5535,0,165379.4929,9469.8779,185218.895,0,1956.8603,542.2594,10605.9118,0,112.0528,207438.289,0,2191.6109,0,0,23.1546,9037948748.3531,29578260.5661,11954689090.4108,0,1221406.0445,96800.0837,39123440.0186,0,3997.3283,15845943720.084,0,1615882.1372,0,0,165.1314,6
0.58195,0,27.8625,3,0.60778,0,79.2,3,0.53843,0,-9,3,0.00016049,0,1211.6047,0,0,0.25256,0,0,0,0,0,0.11137,0,0,0,0,61.6999,62.9779,60.4179,0.6085,-0.46673,0,-0.95836,0,-0.0046122,0,-26.0218,0,229368.1628,11152.4457,103578.2467,0,2163.384,542.2594,5036.2298,0,105.1891,46773.9422,0,976.9426,0,0,20.4049,17316324554.1209,40941684.7254,9202927476.3967,0,1556153.1551,96800.0837,21757122.5291,0,3679.2823,6441882474.5037,0,826843.5441,0,0,139.8543,6
1,0,120.7537,3,1,0,148.5,3,1,0,52.2,3,0,0,786.3556,0,0,0,0,0,0,0,0,0,0,0,0,0,70.0659,76.3162,64.3983,11.8064,0,0,-0.82299,0,0,0,-79.298,0,295786.5377,12664.6372,509767.09,0,4221.5457,542.2594,21826.6027,0,180.7531,878547.3741,0,7275.5342,0,0,60.251,28867128859.1739,52861415.5315,97818181651.247,0,5873490.6146,96800.0837,179124095.8324,0,10755.5649,332611826197.7431,0,19902677.3147,0,0,1195.0628,7
1,0,-43.3575,3,1,0,24.75,3,1,0,-112.95,3,0,0,2271.1793,0,0,0,0,0,0,0,0,0,0,0,0,0,46.4998,52.4883,40.5887,12.2173,0,0,0.67751,0,0,0,112.8563,0,130276.5635,8404.9803,-121472.9304,0,2801.6601,542.2594,-7837.0012,0,180.7531,113264.2159,0,-2612.3337,0,0,60.251,5656830318.3768,23400241.9522,12108768396.9754,0,2600026.8836,96800.0837,49970466.3278,0,10755.5649,34133307231.2223,0,5552274.0364,0,0,1195.0628,7
0.87586,0.057867,364.9687,3.4,1,0.5,432,4,0.36145,0,207,0,0.034473,0.018448,3298.4892,1.0487,-0.86286,-0.53612,0.69469,0.2722,-0.74744,-0.46118,-0.021759,-5.7169,0.13209,2.1233,-0.10396,-27.1248,61.1507,62.2734,60.267,0.63025,-0.71511,0.3883,0.63139,-0.59107,-0.10541,0.041869,28.7878,-0.48054,225303.023,12526.9321,1344687.7098,213.2035,3227.0291,696.5021,74765.1379,11.8542,179.424,8025569.3561,1272.4733,19260.0451,0.20175,3.0537,46.2209,16577143567.4135,52271900.1446,630436924138.4437,40850.4742,3364330.0462,165686.5704,1987521409.7866,138.2328,10654.1692,23989396331348.39,1556924.7522,127884115.4252,0.33686,8.9129,686.1936,7
0.93294,0,326.7412,4,1,0,436.5,4,0.50335,0,156.6,4,0.016422,0,5158.1047,0,0,-0.55401,0,0,0,0,0,-5.0989,0,0,0,0,59.1655,61.2275,58.5471,0.43407,-0.88603,0,0.15223,0,-0.074808,0,7.203,0,210912.4991,14259.1437,1164762.4902,0,3325.7432,964.0167,78746.0003,0,224.8432,6432390.9893,0,18366.3887,0,0,52.4415,14385474872.2787,66339314.0275,491460548166.0947,0,3922228.6966,305936.0669,2267007267.6362,0,18091.6505,16849384534384,0,134314443.669,0,0,1071.4039,7
0.84202,0.18597,156.3525,3.3833,1,1,299.7,4,0.20281,0,-11.699,0,0.085875,0.12138,7883.8421,0.74258,-0.92855,0.012761,0.30831,-0.05328,-0.20402,-0.49125,-0.0948,0.33205,0.077857,-1.6482,-0.061251,-37.5871,62.1946,64.6681,59.8222,1.6976,-0.77031,0.6451,-0.14571,-0.34458,-0.29412,0.29284,-16.8566,-0.38689,233061.3406,12678.3344,585898.1541,696.9024,3155.2846,689.6904,31872.3505,37.9109,171.6447,1472902.5676,1751.9587,7932.141,2.0839,9.435,42.7176,18337878632.5807,53047092.9564,158059091265.2122,418720.0497,2777541.5137,154344.4331,459439636.0791,1287.3244,8276.5913,1398488420040.152,4172600.7202,24381898.2558,23.6076,84.9418,494.3936,7
0.88994,0,116.3025,3,1,0,223.2,3,0.81346,0,-3.6,3,0.0044305,0,5412.3425,0,0,-0.98897,0,0,0,0,0,-4.8429,0,0,0,0,60.0415,65.9781,56.1979,7.597,0.97471,0,-0.96516,0,0.17882,0,-195.709,0,217203.7569,10852.6855,420731.4238,0,3219.3952,542.2594,21022.0388,0,160.8586,814971.7735,0,6236.0834,0,0,47.7179,15405506826.7619,38616457.976,91317770239.8525,0,3365735.0809,96800.0837,228908422.5142,0,8436.415,569151986748.0866,0,19939696.0135,0,0,735.4438,7
0.83632,0.26169,48.7462,3.2833,1,1,138.6,4,0.20281,0,-4.95,0,0.083134,0.1115,2281.7073,0.8098,-0.91585,0.27927,0.33308,-0.55722,-0.12446,-0.42931,-0.088175,3.8463,0.086423,-8.8877,-0.037399,-18.454,60.7076,64.8281,58.0406,5.3417,-0.58905,0.3117,0.26613,-0.56277,-0.39254,0.24055,29.3811,-1.1705,222049.9152,12009.435,178298.8698,957.1885,3059.0199,649.523,9643.1863,51.769,165.4452,143168.2013,768.5913,2456.2937,4.1261,13.1865,42.1419,17160581661.5042,46624530.2975,21884038092.2399,677895.7909,2662248.3949,129038.5867,60214186.187,1929.7544,7599.1053,33687042905.1629,1111128.6829,3545374.36,39.8143,122.0383,475.6052,7
0.98048,0,19.02,4,1,0,87.75,4,0.94739,0,-9,4,0.00012065,0,770.908,0,0,0.32409,0,0,0,0,0,0.098839,0,0,0,0,72.7697,76.469,69.0069,4.8208,-0.2203,0,-0.87672,0,-0.005313,0,-53.4468,0,319054.9681,17537.7972,83392.1159,0,4298.846,964.0167,4583.8936,0,236.2987,21796.3852,0,1123.5991,0,0,57.9213,33603538700.1186,101392941.8741,5780901980.2145,0,6079788.146,305936.0669,17434585.5061,0,18344.7329,1550320239.5021,0,1045619.9828,0,0,1100.0049,7
0.66337,0,-3.4088,4,0.70105,0,127.35,4,0.64206,0,-63.45,4,0.00054209,0,1943.0776,0,0,-0.80119,0,0,0,0,0,-0.82228,0,0,0,0,62.4416,63.8615,61.2599,0.6381,0.89568,0,-0.89415,0,0.016658,0,-31.4847,0,234916.1844,15048.6921,-12824.464,0,2495.7051,964.0167,-821.5331,0,159.8745,700.1088,0,-136.2447,0,0,26.5139,18161286161.6405,74539870.4797,9211438855.9419,0,2034474.7865,305936.0669,37803775.3158,0,8350.1462,6492813041.4268,0,1031813.9333,0,0,227.9328,7
0.75664,0.26472,152.8799,3.2917,1,1,258.299,4,0.20281,0,4.95,0,0.063052,0.12168,8152.9534,0.71254,-0.86153,-0.14159,0.40896,-0.34717,-0.10652,-0.51374,-0.07546,-3.2103,0.086683,-10.9347,-0.031364,-39.1563,53.6262,56.7285,49.2847,6.9718,-0.52711,0.060062,0.84676,-0.61921,-0.34948,0.055319,201.8777,-1.3801,173267.9485,10635.4841,493960.05,855.3352,2444.7247,652.8243,30320.1157,52.5019,150.0614,1408203.4969,2438.4281,6969.531,4.2224,12.0684,34.4939,10442776032.274,36649867.2629,124605469886.8029,547734.0254,1691320.6552,130489.2379,437182611.9004,2009.339,6179.0774,1553188448891.03,7322276.5658,20202520.6629,44.014,102.7703,309.2894,7
0.67046,0,103.4062,4,0.68272,0,135.9,4,0.65801,0,36,4,9.1557e-005,0,827.6352,0,0,-0.64737,0,0,0,0,0,-0.1782,0,0,0,0,74.1399,74.548,73.7826,0.021848,0.65577,0,-0.69914,0,0.00092748,0,-2.973,0,331183.514,17868.0287,461916.2006,0,2994.9632,964.0167,24921.3249,0,161.5844,644254.8236,0,4177.2068,0,0,27.0841,36095705194.1657,105085574.2608,85843456800.7639,0,2956698.7495,305936.0669,249918889.908,0,8607.8502,206260991519.5711,0,7032361.6163,0,0,242.1916,7
0.86649,0,81.015,3,0.96333,0,223.2,3,0.68272,0,-33.75,3,0.0069026,0,7592.4939,0,0,-0.96414,0,0,0,0,0,-6.9797,0,0,0,0,55.0281,60.3249,51.5972,7.7509,0.89438,0,-0.96748,0,0.20687,0,-234.7002,0,182445.8415,9946.5057,268605.441,0,2872.853,542.2594,14643.7185,0,156.621,395453.6993,0,4229.5508,0,0,45.2369,10858924793.8053,32420869.8274,55258585552.6863,0,2794444.2533,96800.0837,164882631.935,0,8343.9316,337852233185.6709,0,14270855.0623,0,0,719.4093,7
0.8588,0.16146,1.56,3.5917,1,1,49.5,4,0.20281,0,-10.35,0,0.071873,0.095165,203.6122,0.84867,-0.91741,-0.17079,0.64042,0.15553,-0.57677,-0.41917,-0.075873,-0.65335,0.15817,0.68464,-0.16391,-5.5101,62.2483,64.7486,59.6843,2.2967,-0.21441,0.16908,0.56439,-0.32787,-0.087112,0.079047,12.2048,-0.45774,233463.9733,13470.6408,5850.7275,605.5537,3220.9706,777.2427,337.5812,34.9399,185.8468,146.6222,15.1755,80.7192,1.5707,8.3545,44.4379,17323467544.0725,62781948.3939,462204710.1803,307893.6621,3450550.1546,229133.7476,1704412.7636,1100.5236,12609.1501,54445078.2182,23220.9047,101908.9993,12.1664,64.1732,698.6731,7
0.79192,0,57.5813,3,0.82303,0,200.25,3,0.75765,0,-49.05,3,0.00037851,0,7493.0189,0,0,0.958,0,0,0,0,0,1.6134,0,0,0,0,52.9825,56.7411,49.2639,5.3154,-0.95072,0,-0.98545,0,-0.042644,0,-196.6666,0,169133.3346,9576.7501,183813.8009,0,2528.0098,542.2594,10407.9946,0,143.1422,199768.505,0,2747.4364,0,0,37.7858,9473340331.4712,30282283.9337,38963852368.8724,0,2107574.3134,96800.0837,124439523.8628,0,6737.0794,213403680408.9134,0,8662733.2111,0,0,468.8941,7
0.61772,0.0011333,18.7163,4,0.63329,0.032,127.35,4,0.4627,0,-53.1,4,0.0011278,3.0436e-005,3841.1843,0,-0.80641,-0.61294,0,0.35647,0,0,-0.0001494,-1.2758,0,0.12188,0,0,62.6751,63.8917,61.9432,0.39796,0.39994,-0.20749,-0.80363,0,0.0084728,-0.00072213,-31.4201,0,236676.1336,15104.9579,70677.1051,4.2797,2332.6416,964.0167,4510.6986,0.27314,148.872,21105.8594,1.278,696.5821,7.7389e-005,0.04218,22.9901,18381463521.6837,74990313.6686,18397839287.7403,17.7485,1841709.4502,305936.0669,75042711.8843,0.072297,7513.651,37907725467.3937,36.054,1842886.0492,1.8899e-007,0.0017432,184.5548,7
0.84529,0.21111,39.5025,3.0667,1,0.942,73.8,4,0.20281,0,5.4,0,0.072318,0.10597,429.0119,0.76863,-0.91226,0.38284,0.42816,-0.44082,-0.36355,-0.12167,-0.079861,2.1324,0.10094,-2.9723,-0.10376,-2.2094,65.7755,70.2789,61.2238,6.812,-0.38423,0.3762,-0.53379,-0.29829,-0.26968,0.31963,-28.8566,-0.68254,260671.325,12153.3358,156550.0908,836.6317,3349.9321,566.6276,7298.8689,39.0065,156.1846,94018.5152,502.4517,2011.8522,2.6852,10.7517,43.0506,23823681814.9693,46271983.8901,9688125187.0155,567184.1491,3734138.0225,91251.2011,19112233.26,1157.1889,7356.8134,4172414102.463,279201.5149,1548699.7399,24.4158,96.3803,597.9117,7
0.71445,0.0254,41.374,4,0.7449,0.092,140.4,4,0.67634,0,-23.399,4,0.00046575,0.0015719,4551.7969,0,-0.87405,-0.94818,0,0.87759,0,0,-0.00074788,-1.3806,0,2.3475,0,0,57.8179,59.5387,56.9058,0.65768,0.78797,-0.48613,-0.75853,0,0.013791,-0.015631,-41.5024,0,201414.0416,13934.3643,144130.0095,88.4831,2488.8668,964.0167,9971.3011,6.1215,172.1865,103138.0905,63.3177,1781.0099,0.038871,1.0934,30.7548,13211187206.334,63574528.214,25196394574.7797,6287.4267,2038513.0671,305936.0669,121212420.7642,30.2024,9809.9329,73052752549.3491,18944.3621,3888044.2465,0.0055569,0.96768,314.5619,7
0.83583,0.15847,92.1524,2.975,1,0.981,174.15,4,0.20281,0,13.5,0,0.089979,0.10328,2901.9508,0.47836,-0.95657,0.73065,0.12697,-0.68505,-0.12747,0.039212,-0.092212,11.8065,0.026342,-11.8596,-0.028333,1.461,61.8998,66.892,56.0864,10.8864,-0.57965,0.47817,-0.93514,-0.14002,-0.57369,0.50702,-166.2133,-0.31952,230856.913,11095.3424,343684.974,591.0368,3117.2356,533.2594,16518.0345,28.4061,149.8192,511656.1588,879.8976,4640.7405,1.5132,7.9807,42.0917,18070091334.4365,40418969.0875,55337364219.7845,308946.5971,4070918.4307,90623.0753,123800605.1645,687.0937,9118.1378,175958734008.0205,1114473.493,12648197.6947,14.2612,70.8404,927.8255,7
0.72642,0.23087,9.5925,3.025,0.98167,0.961,70.65,4,0.20281,0,-6.3,0,0.099976,0.12532,473.4134,0.8313,-0.92632,0.36669,0.12466,-0.33343,-0.069714,-0.01219,-0.10368,2.5227,0.035937,-2.5682,-0.022501,-0.24183,63.1746,67.3172,58.2676,7.5125,-0.14925,-0.033551,-0.55182,-0.40506,-0.12934,-0.032553,-32.9088,-1.0123,240463.6929,11514.1645,36512.3039,878.7877,2764.9936,551.3347,1748.3249,42.0791,132.3967,5544.0733,133.4362,419.84,3.2116,10.1048,31.7935,20452959466.5757,41654982.5623,1648749609.3415,642671.6304,3085432.915,86300.8203,3609082.8393,1381.2024,6315.4552,304798141.2882,108427.9446,282717.8105,39.2642,107.9314,479.1826,7
0.99977,0,10.7062,3,1,0,29.7,3,0.9721,0,-4.05,3,6.4877e-006,0,83.8616,0,0,-0.19093,0,0,0,0,0,-0.0044535,0,0,0,0,55.4656,61.7171,49.2186,13.3585,-0.15745,0,0.96174,0,-0.0014658,0,32.1897,0,185358.1763,10025.5781,35778.6704,0,3341.0823,542.2594,1935.1823,0,180.7111,6906.1602,0,644.9108,0,0,60.223,11428472436.048,33260558.8312,725128907.6961,0,3695596.5186,96800.0837,2108694.0646,0,10755.5036,49261170.0983,0,234297.4227,0,0,1195.0491,7
0.84679,0.21392,57.6674,3.4167,1,1,145.35,4,0.20281,0,-21.15,0,0.085971,0.13364,2241.5256,0.95098,-0.94808,-0.22798,0.38776,0.1892,-0.24241,-0.5547,-0.10162,-3.1648,0.11087,3.2746,-0.086419,-25.6103,61.3483,64.4431,59.0422,2.6952,-0.59298,0.46749,0.48283,-0.61825,-0.28544,0.28056,37.5284,-0.98979,226761.3239,12629.0126,213155.7097,790.6994,3129.977,703.3473,11871.2755,44.0364,174.3177,200366.4285,743.2577,2942.1792,2.7571,10.914,43.2029,17095007149.9279,53528907.8209,27619658156.3622,525053.3795,2782495.2173,168290.1184,87320825.9846,1718.8712,8789.2668,48833248281.8705,1030202.6873,4519416.5206,34.9393,107.8768,502.8518,7
0.35981,0,-2.3062,3,0.36145,0,37.35,3,0.35508,0,-26.55,3,7.8595e-006,0,223.9046,0,0,-0.16321,0,0,0,0,0,-0.0068466,0,0,0,0,49.1651,49.6449,48.5623,0.10392,-0.70282,0,-0.31036,0,-0.00063518,0,-1.4971,0,145639.2389,8886.7457,-6831.6117,0,1065.8358,542.2594,-416.8574,0,65.0361,320.4557,0,-49.996,0,0,7.8001,6989519312.1535,26011266.8168,282651826.6719,0,375325.5447,96800.0837,1052152.394,0,1396.7609,82571424.1931,0,15137.93,0,0,20.1545,7
0.95773,0.11374,283.3874,3,1,0.5,296.55,3,0.39254,0.024,243.9,3,0.014068,0.0045847,180.4666,0,-0.92712,0.48627,0,-0.38855,0,0,-0.0074456,0.7748,0,-0.35343,0,0,50.2641,52.0299,49.2755,0.64588,-0.39232,0.33852,-0.74396,0,-0.037396,0.018421,-8.032,0,152223.3252,9085.4021,858229.5427,344.4629,2900.4516,542.2594,51223.1649,20.5592,173.1126,4838666.7871,1942.0691,16352.6399,0.77948,6.5634,55.265,7467231322.7031,26884998.8304,249770481068.2056,33872.3989,2932968.6253,96800.0837,899418043.1564,121.7266,10561.4438,8360803476494.473,1123583.3675,98173709.2215,0.17231,13.2125,1152.8585,7
0.5987,0,36.5062,3,0.60141,0,42.75,3,0.59184,0,28.35,3,2.8455e-006,0,42.4215,0,0,0.37948,0,0,0,0,0,0.0041693,0,0,0,0,53.3181,54.9717,51.4603,1.0361,0.51632,0,0.71582,0,0.00088654,0,4.7458,0,171282.9087,9637.4151,117275.2682,0,1923.2952,542.2594,6598.6177,0,108.2162,80296.9113,0,1316.8562,0,0,21.5962,9682417313.4273,30614676.6633,5009055643.0749,0,1218776.5578,96800.0837,15837490.1186,0,3853.6321,2600543649.8714,0,630479.6745,0,0,153.414,7
0.74816,0.25432,54.8737,3.7667,1,0.981,77.4,4,0.20281,0,27.9,0,0.10401,0.13164,438.7072,0.48291,-0.96928,-0.80302,0.20435,0.74581,-0.14408,-0.35376,-0.11342,-5.4243,0.045797,5.6678,-0.036327,-5.149,66.3358,71.6327,62.8248,8.5881,-0.54811,0.58833,0.62741,-0.57294,-0.51802,0.62556,38.5113,-1.1668,265130.8877,15054.6148,219319.1587,1016.4863,2990.2278,854.8285,12453.3414,57.7179,169.7906,181423.1973,840.8485,2473.549,3.8971,11.4642,33.7247,22061309469.5016,77811071.8016,18344089222.2162,803287.3828,3072502.0657,275570.4536,64906110.2359,2787.6356,10850.8709,15526015749.0039,720129.3378,2610541.3353,50.1151,125.6566,442.9534,7
0.65172,0,85.9425,3,0.68272,0,179.55,3,0.61416,0,-67.5,3,0.00076116,0,7409.7972,0,0,0.91943,0,0,0,0,0,2.1835,0,0,0,0,52.899,54.712,51.2463,1.1576,-0.8507,0,-0.98465,0,-0.025252,0,-91.1946,0,168600.7605,9561.6604,273917.5601,0,2077.1615,542.2594,15534.3705,0,117.7997,445020.7076,0,3374.6646,0,0,25.5906,9347149438.3638,30079958.6,58067507547.191,0,1441962.3737,96800.0837,186857940.6445,0,4640.4112,420387131828.7438,0,8972997.8835,0,0,222.4779,0
0.68991,0,143.3212,3,0.71062,0,428.4,3,0.66438,0,-72.9,3,0.00029182,0,26189.1405,0,0,0.49101,0,0,0,0,0,1.3574,0,0,0,0,37.9934,40.3484,36.351,1.9194,-0.7371,0,-0.93657,0,-0.017445,0,-209.9837,0,86972.3217,6867.4275,328082.6873,0,1579.3121,542.2594,25905.7597,0,124.7042,1237614.998,0,5957.5845,0,0,28.6784,2474262578.4577,15476016.5815,81620523565.3998,0,830206.3556,96800.0837,510193393.9116,0,5192.9094,3304343436426.222,0,27373925.2969,0,0,278.6032,0
0.33165,0,-26.3024,3,0.48103,0,19.35,3,0.20281,0,-46.799,3,0.0099175,0,412.6382,0,0,0.89171,0,0,0,0,0,1.8039,0,0,0,0,48.5811,49.1866,46.682,0.49552,0.8527,0,0.68911,0,0.059776,0,9.8538,0,142200.145,8781.194,-76988.679,0,970.7474,542.2594,-4754.2323,0,59.9459,41682.494,0,-525.573,0,0,6.6269,6740947202.0264,25544378.5764,3616837273.0321,0,345241.1881,96800.0837,13700670.492,0,1308.1793,2099440079.712,0,189066.511,0,0,17.7781,0
0.20281,0,440.3475,4,0.20281,0,450,4,0.20281,0,368.1,4,6.9916e-033,0,376.8402,0,0,6.4201e-015,0,0,0,0,0,1.0394e-029,0,0,0,0,43.1271,53.9339,32.5566,41.064,8.4438e-016,0,0.68391,0,4.7729e-031,0,85.0764,0,112063.5123,10393.8011,1144221.0613,0,526.9995,964.0167,106125.5879,0,48.8788,11683034.1138,0,5380.9122,0,0,2.4783,4332855629.8756,36403187.854,452152800470.0797,0,93586.0274,305936.0669,3799887131.9022,0,786.5064,47203239655132.76,0,9768824.1666,0,0,2.022,0
0.69628,0,2.91,4,0.70105,0,131.4,4,0.69229,0,-55.8,4,3.7428e-006,0,3076.1151,0,0,0.82259,0,0,0,0,0,0.088264,0,0,0,0,56.3699,58.1569,54.7076,1.0963,-0.79758,0,-0.79392,0,-0.0016156,0,-46.1038,0,191451.3358,13585.3705,9883.442,0,2364.8009,964.0167,701.3282,0,167.8061,510.2206,0,122.08,0,0,29.2099,12072669583.5046,60773881.2321,10114371796.0449,0,1839995.2257,305936.0669,50901372.9681,0,9262.5474,19616386480.1838,0,1541292.4775,0,0,280.4339,0
0.90466,0,109.815,3,1,0,116.1,3,0.55676,0,65.7,3,0.024378,0,135.7533,0,0,-0.3317,0,0,0,0,0,-0.60342,0,0,0,0,70.7704,75.8124,66.4042,7.4269,0.43916,0,-0.74578,0,0.18686,0,-23.6804,0,301764.4218,12791.974,468250.1724,0,3857.4475,542.2594,19849.4044,0,163.5195,726587.3911,0,5985.6309,0,0,49.3097,30021071991.3395,53907683.3759,76670645202.1054,0,4772049.4345,96800.0837,137674733.6439,0,8568.7767,195923303494.1341,0,12179061.0148,0,0,761.1225,1
0.7341,0,68.1525,3,1,0,69.3,3,0.25383,0,61.2,3,0.10463,0,3.6548,0,0,0.32892,0,0,0,0,0,0.20339,0,0,0,0,55.9347,60.7915,53.5699,5.1697,0.6871,0,-0.16499,0,0.50533,0,-0.71717,0,188507.0649,10110.3774,229682.4418,0,2474.0041,542.2594,12318.7752,0,132.6906,279851.7079,0,3014.3979,0,0,32.4693,11383234085.0855,33192845.1668,17507850767.8419,0,2624620.2003,96800.0837,51063145.6104,0,7659.4952,26939105214.7119,0,4043537.352,0,0,623.5181,1
0.20281,0.015642,120.3187,3,0.20281,0.401,198.45,3,0.20281,0,65.7,3,6.9916e-033,0.0036743,1342.4996,0,-4.9813e-017,-4.717e-016,0,-0.045177,0,0,-4.1432e-034,-1.697e-030,0,-0.10034,0,0,45.1367,51.7742,42.5925,7.0116,9.8803e-016,-0.02478,-0.8401,0,2.5191e-031,-0.0039774,-81.5068,0,122750.8398,8158.6027,327210.87,42.538,551.5569,542.2594,21747.9856,2.8273,36.6591,872229.9061,113.3916,1470.2581,0.014741,0.19114,2.4783,4777399402.5824,21501448.9727,36878174952.6472,1718.9049,98269.0588,96800.0837,165959621.9887,7.5753,442.4099,285445828245.6563,14222.2164,758492.8755,0.0038262,0.034622,2.022,1
0.56735,0.0079333,167.0137,3,1,0.04,191.25,3,0.20281,0,9.9,3,0.15365,0.00021243,2098.9523,0,-0.51045,-0.56312,0,0.25847,0,0,-0.0029163,-10.1128,0,0.17259,0,0,53.3146,57.6686,51.3222,2.5046,-0.52886,0.83585,-0.073252,0,-0.32808,0.01928,-5.3112,0,171260.5292,9636.7855,536491.8665,25.4839,1822.4661,542.2594,30188.2579,1.434,102.5497,1680617.9692,79.8311,5709.0695,0.0037921,0.27119,19.3937,9277344040.1738,29964430.9806,111666426365.8699,542.4295,1535412.5905,96800.0837,361011928.8213,1.7361,4954.5203,1352806076595.242,6485.0656,18638731.211,6.9866e-005,0.11601,283.5148,1
0.73482,0,132.9187,3,1,0,158.85,3,0.20281,0,23.399,3,0.13163,0,1322.9495,0,0,-0.28857,0,0,0,0,0,-3.8081,0,0,0,0,47.652,51.9061,45.7218,2.9058,0.45138,0,-0.94712,0,0.27916,0,-58.7228,0,136812.744,8613.2455,381620.5616,0,2109.7353,542.2594,24025.4782,0,132.8215,1064478.7082,0,5884.82,0,0,32.5334,5940873845.1734,23978641.0268,57837661725.2879,0,2002918.6274,96800.0837,233710607.6245,0,8094.0977,569045586169.1974,0,19836014.1789,0,0,700.8903,1
0.74058,0,103.9312,3,1,0,131.85,3,0.20281,0,20.7,3,0.10554,0,1133.9049,0,0,-0.29988,0,0,0,0,0,-3.2805,0,0,0,0,53.1872,57.8038,51.1075,3.6565,0.51628,0,-0.93814,0,0.32072,0,-60.4076,0,170442.6489,9613.747,333056.0066,0,2373.2564,542.2594,18785.886,0,133.8625,650813.0693,0,4637.4971,0,0,33.0454,9225174266.2128,29880949.7696,46013491739.6975,0,2454678.8985,96800.0837,149210814.5927,0,7959.0767,233225137461.0944,0,12491224.0704,0,0,671.4016,1
0.89851,0,110.6213,3,1,0,117.9,3,0.28572,0,95.4,3,0.039283,0,48.0815,0,0,-0.5006,0,0,0,0,0,-0.68799,0,0,0,0,57.3812,63.016,54.4076,7.4658,0.48978,0,-0.96435,0,0.26524,0,-18.271,0,198382.8598,10371.8356,382448.4723,0,3106.4045,542.2594,19995.1381,0,162.4088,737295.7226,0,5988.6204,0,0,48.642,12704308333.9293,35066867.9831,48555916496.8816,0,3599235.0038,96800.0837,134051279.4497,0,9938.4036,185685804473.4636,0,13770621.2175,0,0,1022.7373,1
0.5925,0,160.1212,1.9333,1,0,364.5,2,0.20281,0,-7.2,0,0.14773,0,16066.9103,0.12997,0,0.92071,-0.1977,0,0,-0.29355,0,44.8563,-0.027395,0,0,-13.4145,38.0778,40.8325,35.2402,3.3353,-0.83232,0,-0.78916,0.2669,-0.58424,0,-182.683,0.17573,87359.3034,4435.5105,367354.6994,0,1359.3416,225.205,18651.7701,0,69.0181,1544763.6359,0,5716.1689,0,0,21.1518,2638632139.6941,7084926.9106,79890907481.6198,0,896155.926,19028.3233,214410898.9848,0,2407.101,2652434295863.725,0,29591433.7691,0,0,332.7804,1
0.20281,0.32234,-15.045,3,0.20281,1,-3.6,3,0.20281,0,-35.55,3,6.9916e-033,0.18284,103.9278,0,1.7382e-016,5.5604e-016,0,-0.12094,0,0,4.9718e-033,5.3033e-031,0,-0.52718,0,0,54.7167,76.2929,38.2799,109.5727,-1.1304e-015,-0.38767,0.53377,0,-9.5459e-031,-1.7352,56.9601,0,180386.5861,9890.2136,-49599.2562,1062.676,668.6213,542.2594,-2719.4219,58.2643,36.6591,13637.8556,-292.1943,-183.8447,6.2603,3.9389,2.4783,11248052025.3908,32986386.6608,698335870.5382,588772.0129,150759.1966,96800.0837,2019430.8212,1710.4456,442.4099,77314838.3288,42669.6251,9229.4973,38.3133,7.8173,2.022,1
0.85542,0,95.4187,2.1833,0.8573,0,204.75,3,0.83817,0,19.8,0,5.8957e-006,0,4146.6879,0.65518,0,-0.13921,-0.31338,0,0,0.47354,0,-0.021767,-0.00061591,0,0,24.6823,23.8401,26.4192,22.5459,1.2911,-0.095187,0,-0.79453,-0.22707,-0.00026262,0,-58.1351,-0.20884,34243.709,3136.1205,137058.5679,0,1228.7136,287.2134,12552.1503,0,112.5285,548569.4044,0,4917.8588,0,0,44.088,375681581.1784,2911512.0259,8742422989.8348,0,490835.1329,23502.8324,68893857.2225,0,3793.1628,218985044808.1444,0,11415824.1935,0,0,641.436,1
0.63538,0,207.045,2.6833,1,0,211.5,3,0.20281,0,201.6,0,0.1207,0,9.8847,0.57115,0,0.60202,-0.3859,0,0,-0.50483,0,0.65757,-0.10132,0,0,-1.1995,44.6846,60.9767,40.3265,53.9924,-0.65929,0,-0.10693,0.22866,-1.683,0,-2.4703,1.2698,120304.0128,7224.3201,557425.8432,0,1710.6295,433.8243,33473.7188,0,102.7242,2582819.6701,0,7926.1618,0,0,24.3238,4228013742.8561,17994053.8172,95618552201.0694,0,1269209.1859,78014.7421,410171304.9343,0,5507.6117,2171647963651.09,0,28839000.2893,0,0,402.8204,1
0.20281,0,84.4499,3,0.20281,0,196.2,3,0.20281,0,9,3,6.9916e-033,0,5320.0968,0,0,-6.4782e-016,0,0,0,0,0,-3.8184e-030,0,0,0,0,60.763,69.3822,54.9883,21.1642,-3.5242e-015,0,-0.86133,0,-1.3258e-030,0,-289.0209,0,222455.7878,10983.1118,309174.3841,0,742.506,542.2594,15264.592,0,36.6591,429697.967,0,1031.9526,0,0,2.4783,16032283976.6523,39389574.7592,53583152354.1837,0,180023.9809,96800.0837,131336629.0535,0,442.4099,208542046388.4145,0,600253.8222,0,0,2.022,1
0.20281,0,183.4125,3,0.20281,0,186.75,3,0.20281,0,174.6,3,6.9916e-033,0,3.7865,0,0,7.7492e-014,0,0,0,0,0,1.2609e-029,0,0,0,0,58.7151,66.2303,44.8281,40.3294,2.0911e-015,0,-0.69351,0,1.0872e-030,0,-8.57,0,207713.3856,10612.942,648848.7441,0,717.4809,542.2594,33152.3849,0,36.6591,2026853.9341,0,2241.2449,0,0,2.4783,15392456885.0244,38593853.4169,144463058912.1397,0,176387.2592,96800.0837,362341212.7456,0,442.4099,1356315053433.716,0,1656024.6708,0,0,2.022,1
0.44902,0,130.845,4,1,0,153.9,4,0.20281,0,58.05,4,0.11573,0,828.9292,0,0,0.55254,0,0,0,0,0,5.4119,0,0,0,0,87.7545,91.0185,84.6139,4.7394,-0.8596,0,-0.88163,0,-0.63663,0,-55.2593,0,463984.5544,21149.2051,691816.8468,0,2374.0914,964.0167,31534.1885,0,108.2151,1031522.5906,0,3539.8515,0,0,12.1476,70941112892.249,147320851.8233,179397234111.0187,0,2393112.4429,305936.0669,372536581.8149,0,4969.0794,455545047519.0709,0,6043446.1982,0,0,100.4581,1
1,0,65.985,3,1,0,70.2,3,1,0,49.95,3,0,0,24.0105,0,0,0,0,0,0,0,0,0,0,0,0,0,81.2513,86.9923,75.0372,11.9967,0,0,-0.70006,0,0,0,-11.8814,0,397763.8965,14686.4297,323027.899,0,4895.4766,542.2594,11926.9913,0,180.7531,262334.0742,0,3975.6638,0,0,60.251,52456155507.8538,71258291.7498,35973804260.3149,0,7917587.9722,96800.0837,48867255.425,0,10755.5649,24676355991.4498,0,5429695.0472,0,0,1195.0628,1
0.20474,0,107.5687,3,0.30406,0,115.65,3,0.20281,0,100.8,3,0.00017545,0,44.1668,0,0,-0.14938,0,0,0,0,0,-0.01315,0,0,0,0,69.3353,74.8573,64.1393,10.4253,-0.23375,0,0.94224,0,-0.0099972,0,20.2187,0,289650.1479,12532.5783,449371.2616,0,855.3048,542.2594,19443.3891,0,37.0073,697167.0212,0,1326.9435,0,0,2.5256,27718490810.2713,51799075.831,66517023537.3418,0,237013.758,96800.0837,124303550.0581,0,442.9214,159630448671.5601,0,568771.3743,0,0,2.0267,2
0.7871,0,94.2225,3,0.98167,0,144.9,3,0.39892,0,22.05,3,0.01874,0,2053.6725,0,0,-0.78849,0,0,0,0,0,-4.8915,0,0,0,0,64.5068,68.9845,62.8055,3.6143,0.7372,0,-0.9412,0,0.19186,0,-81.0887,0,250712.0036,11659.8004,366204.9852,0,3059.1354,542.2594,17031.0035,0,142.2704,534900.959,0,4468.3566,0,0,37.3269,20291135314.0256,44317934.4356,58508318970.5162,0,3264302.5265,96800.0837,127824608.9201,0,7130.6753,173955544907.8038,0,9442069.1551,0,0,525.5387,2
0.49238,0,131.1112,3,0.87883,0,136.35,3,0.20281,0,106.65,3,0.081872,0,53.3912,0,0,-0.77247,0,0,0,0,0,-1.615,0,0,0,0,54.353,57.3274,52.5026,2.4175,-0.65423,0,0.23075,0,-0.29106,0,2.6216,0,177996.5089,9824.4737,429366.1496,0,1612.4515,542.2594,23698.7593,0,88.9989,1035724.1923,0,3889.5825,0,0,14.607,10115177296.7736,31288732.203,61436229360.0536,0,1115586.281,96800.0837,190101226.5577,0,3449.2858,373401112797.6177,0,6774499.6043,0,0,131.4168,2
0.6886,0,-19.2637,3,0.94739,0,73.349,3,0.20281,0,-138.6,3,0.1002,0,4136.8496,0,0,0.87946,0,0,0,0,0,17.9054,0,0,0,0,59.0191,61.3293,56.9054,1.7242,-0.31842,0,0.024701,0,-0.13235,0,2.0862,0,209869.6596,10667.8863,-68500.9873,0,2448.6317,542.2594,-3481.9742,0,124.4664,22358.569,0,-799.2279,0,0,28.5691,13969306065.9167,36769166.2588,20757423583.502,0,2666006.7518,96800.0837,54661414.7666,0,7027.9355,43364626757.7015,0,4347329.7153,0,0,526.436,3
0.47452,0,81.5962,3,0.93782,0,112.95,3,0.20281,0,12.6,3,0.022127,0,994.5756,0,0,-0.79349,0,0,0,0,0,-3.7224,0,0,0,0,49.1238,50.6678,48.663,0.37068,-0.34949,0,-0.15543,0,-0.031651,0,-2.9844,0,145394.8227,8879.2855,241505.3685,0,1404.4699,542.2594,14748.7722,0,85.7712,401148.0045,0,2332.8686,0,0,13.5668,6825549845.992,25703923.4769,25327905539.0957,0,689016.8902,96800.0837,95433553.7525,0,2594.5814,95884099357.5328,0,2563602.3331,0,0,69.7041,3
0.26887,0,98.4375,3,0.89158,0,114.75,3,0.20281,0,0.9,3,0.032403,0,957.8803,0,0,-0.9513,0,0,0,0,0,-5.2999,0,0,0,0,46.3923,50.3608,44.0133,3.7636,-0.40232,0,0.53723,0,-0.1405,0,32.2567,0,129675.1964,8385.5588,275151.1474,0,751.5323,542.2594,17792.887,0,48.5985,583829.1056,0,1594.6378,0,0,4.3555,5467297068.6039,23004833.1797,30483906543.8765,0,156360.0056,96800.0837,128294581.8738,0,656.7027,170923625910.4533,0,863411.4426,0,0,5.373,3
0.59773,0,-89.2387,2,0.7449,0,-13.95,2,0.20281,0,-111.15,2,0.040011,0,931.7502,0,0,-0.9892,0,0,0,0,0,-6.0398,0,0,0,0,50.1078,51.2333,48.9849,0.39286,-0.18344,0,0.13397,0,-0.022999,0,2.5632,0,151277.9372,6038.097,-269416.0405,0,1804.5847,241.0042,-10753.4531,0,72.0281,479812.22,0,-3213.8465,0,0,21.5268,7531303712.0872,12000252.6877,30173771155.4083,0,1336737.3144,19121.0042,48079242.1758,0,2129.9733,122211615661.5024,0,5415060.7805,0,0,239.9444,3
0.64475,0,90.7687,3,0.80708,0,121.95,3,0.42762,0,5.4,3,0.019916,0,1190.9163,0,0,-0.80507,0,0,0,0,0,-3.9208,0,0,0,0,51.9336,54.6291,50.8479,1.2416,0.78585,0,-0.99292,0,0.12358,0,-38.1807,0,162502.7168,9387.1523,284019.9481,0,2017.4674,542.2594,16406.7319,0,116.5413,496406.0448,0,3526.101,0,0,25.0468,8542711632.2081,28755837.7746,34349493737.0839,0,1439467.3952,96800.0837,115686830.103,0,4846.3318,140448130026.9828,0,5824999.6631,0,0,243.1519,6
0.74114,0,23.1787,1.8833,0.84136,0,31.5,3,0.6612,0,13.05,0,0.0032845,0,71.3378,0.37283,0,0.80239,-0.33311,0,0,-0.17956,0,0.3884,-0.011657,0,0,-0.92603,58.5761,61.5655,55.6084,3.3083,0.89469,0,0.91957,-0.25509,0.093263,0,14.127,-0.2833,206731.2778,6646.7996,81804.1328,0,2615.6869,213.7071,2630.1568,0,84.0993,32370.1194,0,1035.0345,0,0,33.0952,14113545690.8137,15373934.1073,2617072360.643,0,2244324.8459,16850.3256,2859161.6977,0,2444.5956,492969633.8176,0,416413.3903,0,0,356.9609,6
0.67473,0,83.7262,3,0.78875,0,153.45,3,0.45632,0,-31.5,3,0.0166,0,4284.3106,0,0,-0.81953,0,0,0,0,0,-6.9114,0,0,0,0,57.6501,60.4809,56.5798,1.4512,0.60304,0,-0.94641,0,0.093599,0,-74.6263,0,200246.3729,10420.4357,290821.2489,0,2343.6533,542.2594,15133.7779,0,121.9592,422364.6981,0,3403.728,0,0,27.4298,12956761346.676,35414025.0712,51716057012.4172,0,1964398.6659,96800.0837,141433382.485,0,5371.1049,225593069330.0207,0,7946969.2141,0,0,298.9092,6
0.34198,0,132.6524,3,1,0,200.699,3,0.20281,0,-22.05,3,0.072579,0,5344.3295,0,0,-0.81889,0,0,0,0,0,-16.128,0,0,0,0,65.6323,68.8649,60.7686,6.5519,0.3529,0,-0.76166,0,0.24336,0,-142.5256,0,259537.1624,11863.2403,524562.6288,0,1352.3382,542.2594,23977.3466,0,61.8143,1060217.9241,0,2733.2736,0,0,7.0465,22764510546.2042,46941383.8438,138012159842.3146,0,579632.9667,96800.0837,284354154.584,0,1198.6342,867353460379.4579,0,3621582.8505,0,0,21.2606,6
0.727,0,34.2,3,0.84136,0,81,3,0.63329,0,27,3,0.0017065,0,200.9889,0,0,-0.79266,0,0,0,0,0,-0.46422,0,0,0,0,51.8146,55.1106,48.8095,3.4037,0.94553,0,-0.70434,0,0.072063,0,-18.4224,0,161759.4647,9365.6603,106768.5272,0,2269.6226,542.2594,6181.7573,0,131.4082,70472.0335,0,1498.0531,0,0,31.8447,8625920731.4017,28896175.8086,3351219667.5434,0,1706571.6803,96800.0837,11224411.3727,0,5716.888,1370279841.1572,0,662580.8191,0,0,337.6374,6
0.41493,0,14.9399,3,0.51292,0,35.1,3,0.33276,0,-4.95,3,0.0059268,0,137.1371,0,0,0.36266,0,0,0,0,0,0.32695,0,0,0,0,53.298,53.7704,52.9923,0.047697,-0.36912,0,0.61535,0,-0.0062062,0,1.5738,0,171153.7435,9633.7806,47976.0133,0,1332.4322,542.2594,2700.4398,0,74.999,13448.1304,0,373.4933,0,0,10.373,9581371044.4806,30454429.0991,450090486.5501,0,598340.241,96800.0837,1425811.0637,0,1901.7766,88564822.8046,0,29587.3077,0,0,37.4179,6
0.75133,0,104.055,3,0.98167,0,236.7,3,0.49379,0,-48.15,3,0.046842,0,8040.2138,0,0,-0.95131,0,0,0,0,0,-18.4616,0,0,0,0,74.308,76.4858,70.5256,3.9801,-0.92101,0,0.95962,0,-0.39768,0,171.6643,0,332687.3751,13431.4132,465868.5303,0,3363.8126,542.2594,18808.2663,0,135.8054,652364.6635,0,4710.4115,0,0,34.0116,37056600573.546,59891470.6201,141434869101.9584,0,4173623.3577,96800.0837,228461434.4306,0,6744.6626,596526036733.3524,0,16335002.4902,0,0,473.0459,6
1,0,267.6262,3,1,0,349.2,3,1,0,52.2,3,0,0,9017.5732,0,0,0,0,0,0,0,0,0,0,0,0,0,62.1858,65.3225,58.5889,3.2642,0,0,0.8971,0,0,0,153.911,0,232994.9246,11240.271,1002730.3661,0,3746.757,542.2594,48374.277,0,180.7531,4315408.1103,0,16124.759,0,0,60.251,17945694200.5144,41679054.4218,421048781555.558,0,4631006.0469,96800.0837,977813149.7135,0,10755.5649,10003695117877.69,0,108645905.5237,0,0,1195.0628,7
0.77317,0,171.7837,4,1,0,296.55,4,0.20281,0,72.9,4,0.1112,0,3717.9146,0,0,0.71408,0,0,0,0,0,14.5191,0,0,0,0,63.6053,71.3564,61.3946,8.7788,-0.77751,0,-0.44591,0,-0.76819,0,-80.5589,0,243753.4234,15329.135,658323.9138,0,2962.9957,964.0167,41400.5925,0,186.3365,1777986.8254,0,8002.3941,0,0,36.0173,18476771055.5182,75167570.819,149395592490.7166,0,3777747.7394,305936.0669,607374748.954,0,15402.865,1216070770468.074,0,30707312.9883,0,0,793.6106,7
0.56565,0,99.5774,3,0.60778,0,132.3,3,0.48502,0,39.15,3,0.0015509,0,720.3045,0,0,-0.76235,0,0,0,0,0,-0.80576,0,0,0,0,54.8947,56.6329,53.1182,1.2547,-0.6262,0,0.62989,0,-0.027623,0,18.936,0,181562.3212,9922.3928,329348.801,0,1870.855,542.2594,17998.9336,0,102.2423,597429.2021,0,3393.6769,0,0,19.2777,10868068367.8624,32435008.247,44051864795.366,0,1126646.9401,96800.0837,131464827.3312,0,3362.4085,180765649859.3672,0,4560622.0903,0,0,116.8397,7