1,3,4,5,8,11,15,17,18,19,20,24,25,26,27,30,37,39,40,43,47,48,56,58,59,60,63,64,67,68,72,74,76,77,82,86,87,91,92,94,106
0.63973,-17.8987,4.1752,1,5,-450,11948.8191,-0.40391,0.04124,0.24122,-0.029323,1.3002,0.029212,-0.36344,-0.000869,109.3622,0.29553,29.5578,2.8406,-659121.0859,-43699.0165,73.7436,187905.2786,1255464.585,2108.4854,4748.8038,1073.9646,1.8037,0.11729,110.7202,-0.000497,0,0,0.000021,0.003049,0.000584,0.000834,-0.000285,-0.000534,0.000981,v
0.7103,-1.2565,3.3128,1,7,-358.1052,10790.1126,-0.2574,-0.25841,0.32363,-0.086492,-7.9578,0.12595,-0.71981,-0.039737,131.1793,-1.3356,-332.7206,7.6267,-44931.1568,-2001.1282,19.1663,320933.2071,1387218.922,1236.6879,4098.5701,1443.516,1.2869,0.080975,103.829,0.000521,-0.007292,0,0.000058,0.002547,0.000327,0.001136,-0.000006,-0.000797,0.002142,v
0.68152,-5.112,4.0104,1,7,-359.8578,4671.9427,-0.42036,0.009487,0.2451,-0.069107,0.19063,0.06474,-0.56243,-0.009205,124.2945,0.85443,-242.1705,10.9475,-189285.2849,-10696.4307,64.2527,264339.3047,1024023.355,1798.6626,4163.2243,981.8057,1.7245,0.12291,68.5098,0,0.001919,0,0,0.003324,0.000816,0.001521,-0.000434,-0.000837,0.001561,v
0.52283,-8.4893,3.2027,1,5,-280.8947,5949.5256,-0.35408,-0.039831,0.016123,0.053766,-0.72676,0.003586,0.5149,-0.041348,99.3091,0.19244,7.4758,6.8003,-316463.3987,-18086.9,69.1835,237576.1594,1131853.232,2353.8643,4651.7477,851.0175,1.7698,0.12829,77.5701,0,0,-0.000066,0,0.002831,0.000518,0.001459,-0.000286,-0.000808,0.001267,v
0.55585,-8.3924,3.6486,0.92586,5,-450,5556.7294,-0.33438,-0.011451,0.17921,-0.15705,-0.21484,0.042188,-1.2496,-0.019386,116.9495,-0.95133,53.1038,0.059266,-309923.0971,-18027.9174,54.616,232377.5616,951106.4407,1939.6116,3919.7507,808.0768,1.6479,0.10969,74.9829,0,0.004252,0,0,0.002888,0.000723,0.001452,-0.000432,-0.000795,0.001366,v
0.61177,-3.0418,3.7076,1,5,-377.8105,5102.0593,-0.1974,0.032253,0.026927,-0.048151,0.59074,0.00599,-0.24963,0.010846,134.2997,1.0857,-558.2426,10.1804,-110387.5561,-6019.5104,19.9292,318167.6604,1197180.804,1357.6451,4017.7775,1122.0064,1.2724,0.073241,71.46,0,-0.00469,-0.000001,0,0.002225,0.000606,0.001155,-0.000225,-0.000811,0.001638,v
0.65095,-6.771,3.321,1,5,-296.0526,5859.6574,-0.14001,0.026052,0.05323,-0.16921,0.54104,0.011429,-0.28271,0.001256,128.7922,1.5336,-140.528,14.2713,-248826.6016,-13396.4827,3.658,426052.7456,1233893.802,681.3534,5163.1322,1036.0149,0.57209,0.021895,76.8153,0,0.002521,0.000001,0,0.000663,0.000463,0.001063,-0.000127,-0.000807,0.001327,v
0.65488,-11.1925,4.0512,1,6,-450,11586.2707,-0.38512,-0.091902,0.061629,-0.086935,-3.0033,0.025365,-0.7136,-0.001334,118.1274,-0.95294,40.0326,13.5377,-407829.1405,-23023.096,40.5316,237902.0792,1752061.978,1176.1721,4168.3017,1726.1694,1.1588,0.078727,108.1671,0.000184,-0.005917,0.000028,0.000015,0.002951,0.000855,0.001638,-0.000423,-0.001144,0.001984,v
0.59917,-13.3826,4.0899,1,7,-419.4237,5694.1465,-0.40951,-0.036981,-0.20665,-0.16505,-0.78338,-0.063875,-1.4087,-0.009364,116.3985,-0.62528,250.0476,14.8314,-499608.8508,-28940.5685,70.8802,199207.1383,697365.1364,1680.9717,3816.2843,659.7589,1.5903,0.11771,76.6019,0,0,0.000093,0,0.003354,0.001037,0.001427,-0.000651,-0.000916,0.001972,v
0.62888,-12.9906,4.1455,1,6,-315.7579,4794.0687,-0.45079,0.016546,-0.01974,0.094983,0.36557,-0.005799,0.82177,-0.016847,115.7802,0.65756,14.8958,12.3613,-485766.6537,-28636.1512,92.9092,189441.4078,621547.0031,1845.9544,4377.4597,584.7103,1.7366,0.13181,70.4153,0,0,-0.000001,0,0.003577,0.000976,0.002492,-0.000523,-0.001258,0.001555,v
0.64148,-11.5044,4.2231,1,7,-221.6132,2968.7612,-0.44411,-0.013963,0.050278,0.066794,-0.244,0.018292,0.52129,-0.027217,113.9232,0.37378,-74.2847,10.1061,-432944.8181,-29405.7097,118.7756,210087.0543,570231.3723,2557.8717,4683.999,471.2656,2.1139,0.15053,55.6656,0,0,0,0,0.00333,0.002319,0.001691,-0.001066,-0.000841,0.001673,v
0.52323,-13.9301,3.4276,1,6,-208.4211,2538.67,-0.40087,-0.067476,0.21334,0.069796,-0.82394,0.053625,0.31931,-0.022226,101.2795,1.4922,130.716,15.0132,-521947.5788,-37803.617,74.666,406358.8595,751874.6851,2269.8059,5241.4994,474.9682,1.4339,0.094849,52.2601,0,0.002528,0,0,0.002384,0.001336,0.001548,-0.000802,-0.00092,0.001244,v
0.64686,-23.0419,3.1551,1,5,-450,15305.1543,-0.18602,0.15287,0.23066,0.021415,6.6214,0.056288,0.22441,-0.003788,141.3344,0.98804,405.2014,8.0516,-804248.671,-31751.0721,17.0993,199285.6019,964656.4005,1285.133,5010.6916,1104.9901,1.4721,0.085558,125.7718,0,0.001147,0,0,0.002729,0.000152,0.002045,0.000591,-0.000645,0.001857,t
0.65276,-20.9435,2.8992,1,4,-315.8526,7326.4065,-0.34534,0.055606,0.311,0.072493,1.6124,0.07326,0.84401,0.010513,153.1972,0.66977,294.225,7.9055,-708838.8075,-26670.7184,47.0078,197488.3328,745430.3907,1978.4609,5052.9306,849.0096,2.2534,0.14087,88.0721,0,0,0,0,0.003962,0.000062,0.000932,0.000607,0.00001,0.0017,t
0.73566,-19.7486,3.3515,1,5,-378.1895,5634.8958,-0.33381,0.26127,0.009478,-0.012936,6.7028,0.002275,-0.10244,0.011444,146.9094,-1.5321,-309.85,13.3866,-687170.745,-29271.4547,33.4401,304965.9897,868182.2042,1713.8579,5109.4583,982.1066,1.9388,0.10782,77.5792,0,0,0,0,0.003386,-0.000015,0.001115,0.000705,-0.000033,0.001975,t
0.70467,-22.5193,3.2716,1,4,-450,20855.7547,-0.32226,0.039597,-0.050063,0.019628,1.9732,-0.010942,0.35553,0.008515,139.7851,0.5614,-231.5134,8.3177,-803212.9805,-35198.3394,43.3954,310580.3871,1262434.61,2129.5885,5650.3441,1321.9211,2.2299,0.1284,146.0857,0,0.002096,0,0,0.003432,0.000228,0.00138,0.000576,-0.000216,0.001773,t
0.72772,-13.1533,3.1346,1,5,-450,23461.3311,-0.32603,0.18947,0.11068,-0.12286,10.2279,0.027099,-1.9658,-0.000377,145.3128,-0.28705,-341.8482,10.4107,-465296.0606,-18770.428,32.5961,269639.5003,1423026.502,1661.878,4677.5334,1563.7654,1.8262,0.10688,153.6508,0,0,0,0,0.003334,0.000383,0.001544,0.000295,-0.000305,0.001604,t
0.7324,-69.6966,3.0164,1,5,-450,29603.8185,-0.34406,-0.006696,0.15557,0.008463,-0.3876,0.045768,0.15654,-0.007722,158.7314,0.62084,933.6241,14.897,-2457338.726,-118520.3174,39.9217,367660.0475,2725275.96,2582.8278,6583.9101,2418.1686,2.2918,0.10999,185.5672,0,0,0,0,0.002906,-0.000009,0.000259,0.000462,0.000181,0.001595,t
0.70963,-23.7847,3.0669,1,5,-450,9571.5464,-0.36501,0.19997,0.13127,0.003999,6.961,0.034703,0.046726,0.010658,152.2914,0.46426,143.0989,15.0862,-850221.5819,-33500.2771,43.0599,310238.8128,939199.6168,1937.4288,5485.7629,1023.0933,2.1105,0.12322,100.6322,0,0.001091,0,0,0.003632,0.000124,0.001327,0.000633,-0.000053,0.001936,t
0.61445,-19.014,2.9341,1,4,-199.8,4444.0576,-0.2634,0.14943,0.30678,0.047149,3.1266,0.065782,0.29731,0.002198,155.4314,0.92397,90.2394,11.2101,-713459.9773,-26262.8255,26.2117,205862.5748,501053.6133,1424.1845,4838.9911,532.4693,1.5135,0.096425,69.2883,0,0,0,0,0.003063,0.000863,0.001411,0.000291,-0.000685,0.00144,t
0.6425,-32.4346,3.0421,1,4,-450,11581.1042,-0.23765,0.12704,0.26335,0.031379,4.9216,0.059446,0.28953,0.002451,149.8213,1.945,891.4727,12.4721,-1109124.729,-44821.165,22.8402,224551.8551,949728.7849,1473.9321,4941.0022,1045.9568,1.6233,0.087272,112.3404,0,0,0,0,0.002983,0.000467,0.000717,0.000292,-0.00016,0.001684,t
0.70504,-18.8433,3.1629,1,4,-450,8142.3925,-0.21146,0.19057,0.01898,0.014733,5.9212,0.004968,0.10834,-0.006733,147.6556,-1.2645,-21.1453,15.3052,-669568.5153,-27966.9894,17.507,306222.5726,1215761.055,1491.6033,5228.0098,1296.1205,1.5902,0.0823,92.1346,0,0,0,0,0.002563,0.000422,0.001321,0.000368,-0.000242,0.001738,t
0.66016,-20.0919,3.0237,1,5,-220.5,5035.7592,-0.35143,0.042267,0.22805,0.055469,0.97849,0.05961,0.48393,-0.008028,153.9964,0.12225,523.0523,16.2372,-697423.5862,-27505.0802,42.1436,267053.6079,794043.8366,1940.9509,4818.877,877.3965,2.1447,0.12667,73.7148,0,0.00163,-0.000418,0,0.003677,0.000218,0.000973,0.000416,-0.000009,0.001807,t
0.65835,-29.5247,3.2418,1,4,-450,9478.4729,-0.25031,0.20663,0.15327,0.054074,6.8661,0.036861,0.49654,-0.006324,151.4545,1.9479,431.2505,9.0858,-1097195.449,-45343.5639,27.1369,322101.932,800609.1315,1523.4138,5135.6441,845.4162,1.6087,0.09591,101.6866,0,0.002114,-0.000222,0,0.002975,0.000422,0.001581,0.000403,-0.000557,0.001714,t
0.72967,1.9479,2.6417,1,6,-375.8683,13136.3809,-0.16942,-0.020352,0.065382,0.009238,-0.77456,0.030382,0.059184,0.00051,108.6817,-1.216,-594.8465,23.2064,70830.2673,3245.6667,9.937,411756.791,2051594.241,1504.8697,8245.8388,1626.9582,1.1934,0.05619,114.5852,0,0.000292,0.000042,0,0.0016,-0.000157,0.00167,0.000646,-0.000687,0.00171,t
0.68557,-12.5292,2.8975,1,4,-431.1,16476.7378,-0.33306,0.1335,0.13884,-0.011178,5.7493,0.03624,-0.17243,-0.003973,106.3266,-0.83315,-123.0208,10.3026,-280705.9797,-12043.7009,26.6983,174926.9738,650128.3384,1247.043,3475.5077,980.5857,1.8809,0.12325,128.8754,0,0,0,0,0.004394,0.000314,0.000767,0.000651,-0.000136,0.002577,t
0.6942,-27.4654,3.3296,1,4,-443.25,10785.5874,-0.20555,0.087722,0.070132,0.010806,3.0618,0.017224,0.083657,-0.003668,142.8288,0.8015,453.6678,10.6734,-958917.102,-42318.158,16.1298,302591.4426,946648.3632,1286.5815,5233.6824,1023.4036,1.3909,0.075234,107.3698,0,0.002165,-0.000001,0,0.002455,0.000276,0.001574,0.000444,-0.000586,0.001667,t
0.62434,-14.2167,3.1564,1,5,-197.1,4128.1612,-0.31035,0.14732,0.17264,0.087525,3.2879,0.038484,0.68355,-0.001202,153.7038,0.84687,254.9285,9.5043,-495160.1947,-18768.2782,40.9897,192642.7174,502686.8049,1507.2421,4492.3395,601.3,1.8029,0.12538,65.7673,0,-0.001198,0,0,0.003895,0.000429,0.001118,0.000421,-0.000455,0.002049,t
0.6558,-25.5051,3.2028,1,5,-233.55,4137.533,-0.23674,0.11994,0.31132,0.03794,2.6517,0.071159,0.22068,0.002321,149.5891,1.0965,255.8292,11.2316,-925133.1925,-35228.1977,22.4087,205658.9984,585980.1537,1229.8549,4548.525,679.7914,1.4267,0.091817,69.161,0,0.001161,0,0,0.00306,0.000511,0.001708,0.000354,-0.000684,0.001975,t
0.71584,-12.2164,2.7418,1,4,-450,14255.2388,-0.23461,0.21551,0.43039,0.001161,8.7855,0.096458,0.009984,0.000779,158.2177,0.19356,-769.2486,12.1222,-425527.222,-15968.7326,13.8848,318363.0176,1322483.704,1319.6171,5846.4246,1387.7059,1.3847,0.072741,119.9563,0,0,0,0,0.002429,-0.000078,0.001537,0.000694,-0.000611,0.001693,t
0.67665,-17.075,3.2846,1,5,-450,5625.2657,-0.36312,0.29423,0.26196,0.058266,7.8078,0.060102,0.54783,-0.005453,157.5583,1.546,-82.3307,12.6608,-624592.6854,-24635.2888,48.9838,264536.902,857519.3671,1585.8838,4949.0268,976.6735,1.8062,0.12981,76.8792,0,-0.00114,0,0,0.003867,0.000475,0.001408,0.000337,-0.000396,0.001874,t
0.64021,-18.809,3.2278,1,5,-274.05,7724.903,-0.26308,-0.013083,0.11418,0.080167,-0.41166,0.034807,0.78909,0.006866,148.0144,0.55296,305.1952,18.5498,-698998.1718,-28579.5865,36.6031,241169.9189,990266.9603,1817.113,5405.6148,1052.356,1.931,0.11449,89.8358,0,0,0,0,0.003317,0.000386,0.001726,0.000383,-0.000433,0.001774,t
0.66627,-19.2292,3.2668,1,5,-448.6263,11987.6778,-0.29461,0.073389,0.21577,-0.058154,2.8844,0.051963,-0.72011,-0.001935,148.686,0.93673,454.7247,12.6323,-709065.0189,-30576.4691,40.9948,281324.7818,1339878.853,2039.4221,5917.1019,1377.0595,2.096,0.11594,111.1086,0,0,0,0,0.003312,0.00039,0.000741,0.000438,-0.00005,0.001677,t
0.66405,-20.0983,2.9176,1,5,-450,10590.0078,-0.26671,0.048279,0.3241,0.043626,1.8177,0.1162,0.43883,0.005264,155.8908,1.3038,-285.1407,24.13,-713021.8391,-30331.3367,30.9749,344745.9962,1375694.338,1869.6797,6339.0942,1330.4587,1.8082,0.099831,104.8032,0,0,0,0,0.002955,0.000083,0.000821,0.000524,-0.000209,0.001705,t
0.67229,-4.0403,3.326,1,5,-361.6579,18311.9508,-0.27831,-0.15144,0.069399,0.015885,-7.2573,0.017744,0.24428,0.001705,147.4852,1.4434,-329.9877,11.9659,-151584.9361,-6541.02,38.5832,323575.3711,1041154.982,1991.7703,5971.8156,1070.0462,2.047,0.11606,135.3124,0,0.003086,0,0,0.003231,0.000687,0.001441,0.000374,-0.000302,0.001851,t
0.70306,-0.624,2.7753,1,5,-450,22827.8303,-0.22628,0.014335,0.087832,-0.015287,0.73791,0.023629,-0.17832,-0.003081,161.3343,-0.72065,-1831.1591,17.7134,-21948.9641,-888.822,15.7127,361273.03,1736767.921,1653.2629,5565.2785,1692.7563,1.6114,0.077951,151.0165,0,0,0,0,0.002365,-0.000041,0.000655,0.000396,-0.000239,0.001762,t
0.68967,-21.2472,3.1288,1,5,-450,19037.7449,-0.28261,-0.020587,0.16687,0.037138,-0.96789,0.032687,0.54056,0.001137,161.0331,1.3397,8.4546,12.5571,-765597.8242,-28535.3838,27.9891,252955.8277,1205913.824,1539.2182,4159.849,1405.494,1.794,0.10747,139.5242,0,-0.000553,0,0,0.003361,0.000509,0.00126,0.000131,-0.000351,0.001492,t
0.60244,-14.8348,2.8324,1,4,-423.9237,7124.7091,-0.23536,0.11642,0.39776,0.009809,3.6895,0.14546,0.10064,0.016073,158.0827,5.1995,146.2702,27.2172,-519642.0295,-21313.6853,38.5756,264891.4697,930201.9205,2338.7173,5578.0866,917.3589,2.3064,0.12442,85.6607,0,-0.000623,0,0,0.003259,0.00019,0.000628,0.000384,-0.000032,0.001772,t
0.67515,-18.8364,3.096,1,4,-450,16633.1723,-0.21268,0.21036,0.15445,0.026007,9.3758,0.030907,0.29553,0.006012,160.153,1.565,2.8048,12.4733,-628652.3839,-22816.5014,16.5856,196042.5564,880154.3384,1253.6081,4006.932,1125.5171,1.6031,0.08911,130.2563,0,0,0,0,0.003032,0.000337,0.0006,0.000411,-0.000128,0.001781,t
0.65858,-39.4052,3.1627,1,4,-450,22508.001,-0.29155,0.057444,0.24175,0.054347,2.9862,0.034203,0.93896,0.005383,153.6728,1.5986,719.6581,7.3442,-1415631.973,-52811.3237,34.1695,177960.9,998177.2318,1495.5993,4219.4675,1178.4855,1.7658,0.11788,155.0297,0,0,0,0,0.003628,0.000503,0.00164,0.000308,-0.000522,0.00128,t
0.71095,7.6948,2.9641,1,4,-450,15203.3482,-0.27767,-0.013216,-0.003729,-0.030297,-0.55433,-0.000908,-0.33605,-0.000095,161.2459,0.70159,-1637.6933,17.7488,259155.606,10828.3045,22.5568,338272.5603,1517705.276,1663.0112,5372.7948,1599.2679,1.7524,0.091326,123.4769,0,0,0,0,0.002868,0.000211,0.00051,0.00035,-0.000023,0.001547,t
0.69086,-29.1455,3.2082,1,4,-349.2,3929.9532,-0.27496,0.22881,0.008841,0.053086,5.056,0.001647,0.34415,0.000116,153.0114,0.96789,297.5277,8.0769,-1015362.771,-40837.7894,28.7409,298990.8383,563838.0368,1660.3746,4655.8144,645.8626,1.9019,0.10537,69.1007,0,0.002294,0,0,0.003305,0.000432,0.000904,0.000285,-0.00017,0.001665,t
0.68501,-29.9606,3.1144,1,4,-450,19215.4625,-0.22099,-0.029839,0.18846,0.027414,-1.4023,0.03137,0.32139,0.00641,159.2744,0.48672,502.1075,10.3902,-1053445.88,-40519.0917,17.7507,229591.1874,1241707.897,1107.1093,4440.7044,1430.5391,1.2755,0.085538,141.7426,0,0,0,0,0.002803,0.000349,0.001865,0.000355,-0.000888,0.0015,t
0.64941,-25.5429,3.1333,1,4,-348.8916,9260.8569,-0.21533,0.13742,0.29934,0.046809,4.6172,0.039694,0.36331,0.001151,157.6902,1.3931,301.5762,6.3648,-920017.7081,-33554.4477,17.8146,174373.1063,719761.0673,1190.3474,4320.2829,858.9034,1.4205,0.081738,99.51,0,0,0,0,0.0029,0.000505,0.001291,0.000308,-0.000573,0.001394,t
0.68791,-28.8877,3.2367,1,5,-390.1737,9089.4178,-0.3045,0.067639,0.088625,0.038086,2.1758,0.01838,0.35416,0.000723,159.6378,0.97108,136.8417,9.2853,-978743.6883,-37423.8818,26.7284,203199.5539,854715.006,1219.7997,3821.4376,1068.3938,1.5247,0.099634,99.5618,0,0,0,0,0.003505,0.000588,0.001613,0.000118,-0.000488,0.001728,t
0.69468,-15.2183,3.2126,1,4,-450,30482.2978,-0.22918,0.12095,0.18043,0.088271,7.2531,0.037191,1.5431,0.005455,158.9957,1.0991,378.1274,12.7978,-539440.4293,-20644.2597,21.7108,210803.3079,1649340.792,1431.0787,4288.4714,1954.1953,1.6956,0.10134,175.1507,0,0,0,0,0.003084,0.00072,0.001846,0.000108,-0.000499,0.001552,t
0.70916,-15.2004,3.1529,1,4,-429.7974,9167.8012,-0.24589,0.16124,0.19236,0.0347,5.2746,0.048145,0.30775,-0.004679,156.5977,0.24796,-109.9574,13.6969,-538964.2511,-20500.0933,20.5306,265579.3187,1012228.35,1593.4518,4539.2556,1183.8928,1.8637,0.093814,96.8924,0,0,0,0,0.003001,0.00042,0.000698,0.000353,0.000029,0.001831,t
0.66752,-20.2668,3.0331,1,4,-202.5,4643.0935,-0.24029,0.17301,0.22832,0.068473,3.7757,0.045828,0.41388,-0.002544,150.4698,1.3732,176.539,8.5986,-756858.9822,-28476.8466,20.6187,308018.3352,540170.6451,1458.2714,5186.8396,583.3376,1.5748,0.089865,71.0551,0,0.002162,0,0,0.002818,0.000395,0.001959,0.000487,-0.000647,0.001586,t
0.75036,-33.8534,2.9366,1,5,-391.1447,13663.5121,-0.40283,-0.095948,0.12108,-0.01832,-3.6127,0.036785,-0.24294,-0.007399,156.4232,-0.41609,8.0661,25.4941,-1157144.637,-47196.8782,37.4422,370367.1093,1269684.475,1851.8656,5141.2381,1337.9183,1.9514,0.11652,121.6354,0,0,0,0,0.003412,0.00025,0.000916,0.000486,-0.000101,0.001854,k
0.66706,-9.8439,3.1709,1,5,-204.3,5778.6225,-0.41014,0.023654,0.12659,-0.035577,0.57478,0.032221,-0.34643,0.005743,151.8636,0.6218,-11.2499,18.5411,-351545.851,-14584.5915,53.5371,288660.1204,713342.0155,1677.5429,4747.6051,763.7495,1.7961,0.13303,76.6116,0,0,0,0,0.003768,0.000524,0.001008,0.000206,-0.00047,0,k
0.69908,-3.7198,3.0724,1,5,-213.1105,4553.9921,-0.45317,-0.068682,0.18401,-0.020454,-1.5372,0.050959,-0.18001,-0.01696,143.2247,-0.41009,-269.8102,14.3901,-131604.2263,-5437.2213,57.6723,276811.429,705118.2833,2031.9075,5325.0642,741.4493,2.1366,0.13618,67.5503,0,0.001053,0,0,0.003812,0.000048,0.000962,0.000523,-0.000287,0.001952,k
0.57135,-14.6306,3.2119,1,4,-187.4839,3292.8962,-0.35995,0.10058,0.12067,0.027737,1.6701,0.020256,0.185,-0.001667,135.0892,1.2728,255.5781,7.8414,-547796.6614,-24353.9189,54.6265,197979.4653,508825.6628,1646.3545,4351.7456,491.1445,1.5891,0.12072,59.1927,0,0,0.000003,0,0.003404,0.000967,0.001959,-0.000243,-0.001036,0,k
0.64339,-13.2244,3.3364,1,4,-181.1367,2997.826,-0.28939,0.14868,-0.16943,0.00077,2.4995,-0.034914,0.004434,0.000327,127.7737,-0.31478,176.6206,8.318,-483740.2531,-22998.5162,41.6105,320702.249,669863.0904,1970.6971,5086.0178,642.8629,1.8913,0.10781,56.3013,0,0.001921,-0.000003,0,0.003087,0.000329,0.000805,0.000232,-0.00026,0.00151,k
0.6716,-22.9944,3.1523,1,4,-267.5603,8206.7158,-0.39074,0.082088,0.10623,0.018806,2.4316,0.022487,0.19229,-0.005591,149.5348,0.90829,463.9754,12.1752,-854273.7063,-33143.3313,44.2895,249016.3943,868648.9882,1338.913,4436.7746,950.3818,1.4649,0.11691,93.4156,0,0,0,0,0.003649,0.000546,0.002503,0.000139,-0.001283,0.001586,k
0.64059,-17.178,2.9894,1,5,-450,10682.9489,-0.36907,-0.029934,-0.06519,0.049928,-1.0495,-0.015831,0.64084,0.008287,142.5634,-0.70542,53.027,13.5219,-624237.9724,-26382.3743,54.4904,273106.2751,1763055.05,1984.9906,5506.2426,1716.704,1.9328,0.12909,104.7264,0,0.000564,-0.000368,0,0.003501,0.000204,0.001489,0.000366,-0.000597,0.001799,k
0.67147,-20.057,3.1218,1,5,-371.5342,7825.7819,-0.30027,0.041132,0.12663,0.045173,1.1705,0.028871,0.38493,-0.010617,140.7238,-0.42346,-151.5542,11.4431,-709009.6222,-29318.8675,28.9894,284260.1474,1021925.141,1414.2496,4797.0097,1091.8004,1.511,0.098297,90.6626,0,0,-0.00027,0,0.003121,0.000357,0.001645,0.00033,-0.000697,0.001721,k
0.60576,-11.8647,2.932,1,4,-217.3263,5755.1637,-0.4459,-0.047317,0.17184,0.14877,-1.0253,0.036035,1.3317,-0.000662,139.4028,1.413,-81.5614,13.9944,-445587.2467,-17524.0754,55.0283,208262.1661,646088.897,1432.9975,4314.0794,641.5977,1.423,0.12368,76.7478,0,0,-0.000011,0,0.0036,0.001165,0.0024,-0.000191,-0.001335,0.001519,k
0.59762,-12.7034,3.1376,1,5,-227.25,5385.6151,-0.4179,0.12955,0.1605,0.077563,2.6699,0.03028,0.7092,0.005054,148.0159,0.50816,242.8215,11.4314,-478035.887,-19221.843,55.9834,195171.7408,608300.5924,1684.3656,3968.872,631.0172,1.7473,0.12991,74.4406,0,-0.001038,0.000015,0,0.003708,0.001399,0.001942,-0.000272,-0.00088,0.001588,k
0.66226,-13.2684,3.1415,1,5,-412.8868,5949.458,-0.41546,0.09137,0.13413,0.092507,2.1837,0.030291,0.82573,0.004425,151.1183,1.0872,-39.2032,15.7721,-484482.4105,-19371.8465,47.2894,293418.5047,894821.6431,1663.4207,4377.3504,963.2095,1.7905,0.12011,78.2247,0,0.001078,-0.000013,0,0.003664,0.000465,0.0014,0.000257,-0.000728,0.001867,k
0.64023,-28.4887,2.9669,1,4,-385.0105,8772.7264,-0.39925,0.11695,0.089637,0.077741,3.4963,0.019789,0.94461,-0.010304,140.4861,0.48567,305.3105,12.3936,-1050502.614,-40381.4331,53.5174,242396.8716,903367.1581,1999.5899,4629.476,945.9342,2.0938,0.13505,97.8527,0,0,0,0,0.003754,0.000442,0.001179,0.000224,-0.000217,0.001728,k
0.6299,-20.1882,3.008,1,5,-232.8395,4174.2451,-0.3437,0.13405,0.15061,0.11245,2.4133,0.028831,0.9139,-0.002374,149.1698,0.43218,272.2724,12.6048,-733172.3048,-29649.304,46.9904,259188.5381,631844.7016,1707.1897,4265.2762,647.3819,1.7492,0.12974,67.6575,0,0,0.000326,0,0.003526,0.000421,0.00152,0.000185,-0.00077,0.00163,k
0.66405,-16.4897,3.1118,1,5,-231.5132,6694.5582,-0.49087,0.072705,0.047415,0.041098,1.7298,0.010779,0.42749,-0.004604,155.7657,0.20084,-83.2337,17.7546,-598703.4907,-23950.282,57.0795,268087.0427,819103.7224,1842.2697,4331.487,877.9247,1.9746,0.133,83.4224,0,-0.001073,0.000003,0,0.003861,0.000407,0.000667,0.000226,-0.000088,0.001777,k
0.65235,-27.5102,3.087,1,5,-205.2,6215.9625,-0.44418,-0.07847,0.084276,0.058524,-1.918,0.01637,0.59207,0.005933,149.2341,0.73855,144.6331,13.3257,-1010463.993,-39977.6916,57.0588,239923.7629,669061.4075,1671.3899,4538.74,711.0111,1.7762,0.13413,83.4636,0,0,0.000018,0,0.003836,0.000526,0.002246,0.000135,-0.001,0.001532,k
0.64914,-31.2369,3.1052,1,6,-295.1521,6963.2071,-0.43494,0.070691,0.030486,-0.06834,1.7285,0.005537,-0.70169,0.005057,143.0877,0.13756,276.3729,11.284,-1135993.703,-45660.5584,51.3059,237204.823,776854.1813,1437.4252,4242.127,825.5624,1.5276,0.12789,89.0593,0,0,0.000075,0,0.003717,0.000504,0.001797,0.000092,-0.000942,0.001826,k
0.62302,-22.0628,3.2179,1,5,-225.5447,4507.1681,-0.41952,0.18975,-0.10118,-0.11709,3.682,-0.024741,-1.0201,0.003733,140.4267,-0.029444,283.3204,18.0986,-803253.3487,-34343.958,58.2283,245374.6663,743701.3339,1611.9932,4325.5576,769.081,1.667,0.13498,70.6348,0,0,-0.000013,0,0.003711,0.000638,0.001782,0.000052,-0.000984,0.001734,k
0.6216,-18.0816,3.1039,1,5,-211.4289,4383.9705,-0.41088,0.00567,0.24301,-0.016633,0.095544,0.048269,-0.12331,-0.014099,143.1475,0.98245,49.0757,12.6393,-651804.558,-26251.8308,40.5467,260823.2278,641432.7521,1630.9876,3807.523,686.0243,1.7444,0.11534,68.6019,0,0.001071,0.000013,0,0.003489,0.00072,0.001014,0.000027,-0.000427,0.00187,k
0.67165,-12.6201,2.9076,1,4,-200.9131,3520.9783,-0.32083,0.034064,0.18308,-0.12854,0.56424,0.043685,-0.7052,-0.014775,132.2652,0.4419,-40.4638,9.0036,-449925.3196,-18337.8247,25.6377,303139.9074,724925.0085,1651.7492,4873.9323,725.6507,1.6534,0.09408,60.636,0,0.002004,0.000019,0,0.002872,0.000384,0.001054,0.000271,-0.000475,0.00186,k
0.73309,-3.3627,3.0018,1,5,-450,10493.6146,-0.53241,0.13003,0.096445,-0.008531,4.0515,0.022521,-0.13529,0.017791,151.8641,-0.64436,-283.194,10.0672,-119112.5711,-5064.6925,71.6743,305017.2325,1343975.816,2862.7885,5317.1961,1339.9559,2.8542,0.16188,102.4425,0,-0.000998,0.000017,0,0.003854,0.00018,0.000784,0.000455,0.000143,0.001502,h
0.77825,-27.667,3.1763,1,5,-450,12115.1733,-0.62676,0.16359,-0.056659,0.00343,5.9,-0.012071,0.067066,0.020318,148.1899,-0.74296,436.6339,16.241,-892638.0601,-38249.7811,87.7599,296843.2211,1233065.858,2598.4508,4708.5026,1417.3171,2.9867,0.18853,113.4315,0,0,0,0,0.004611,0.000011,0.000327,0.000524,0.000235,0.001315,h
0.70735,-9.486,4.0211,1,5,-305.5736,3716.2495,-0.54764,0.019893,0.03094,-0.029902,0.39149,0.007588,-0.30539,0.000134,135.6269,0.33429,-202.2265,11.7401,-345718.1039,-19062.5118,117.8497,227600.0876,807835.7317,2841.5538,5036.1935,808.6444,2.8444,0.17742,61.6645,0,0,0,0,0.004075,0.0005,0.001102,0.000132,-0.000208,0.001198,h
0.81626,-3.8594,3.6921,1,5,-203.7316,4028.1176,-0.70367,0.032146,0.29961,0.16537,0.6166,0.075881,1.7681,-0.006911,159.2496,0.29008,-390.4953,9.6753,-122283.6475,-6287.6525,94.3853,310455.9505,616031.1192,2234.6208,4377.2454,698.448,2.5336,0.17806,63.5488,0,0.001135,0,0,0.00446,0.000348,0.001216,0.000346,-0.000223,0.001495,h
0.68759,-8.9743,2.5208,1,5,-174.6,3850.1488,-0.61476,-0.068314,0.353,0.14471,-1.1954,0.10321,1.5849,-0.014926,149.0881,2.4549,-37.0594,26.6936,-311863.069,-11769.2531,82.7404,342728.9183,716425.1016,3308.3623,5079.5767,688.8703,3.1811,0.18737,62.6657,0,-0.000962,0,0,0.004023,0.000494,0.000298,0.000201,0.000281,0.001639,h
0.68899,-16.2164,2.1102,1,5,-226.6105,5271.6488,-0.073352,0.009874,0.5128,0.19454,0.19472,0.14564,1.3603,-0.001392,131.9725,1.2722,160.4514,15.4799,-559482.7113,-20506.0344,15.9563,442209.4269,1512701.693,2260.2887,6611.6682,1262.6892,1.8867,0.097089,74.3654,0,0.002506,0,-0.000073,0.002267,0.000123,0.000606,0.000463,-0.000297,0.00145,h
0.59512,-15.1874,3.2588,1,5,-265.6421,5293.2694,-0.41319,0.10867,0.28784,0.058354,1.997,0.041164,0.43673,0.004504,151.5977,2.1813,118.7905,11.2082,-573092.5653,-24066.0446,43.3204,187397.9404,632105.7201,1462.4984,3121.3806,650.3145,1.5046,0.10639,74.2865,0,0,0,0,0.003374,0.002516,0.001231,-0.001136,-0.000555,0.001322,l
0.64637,-23.6075,3.3717,1,5,-377.7868,8316.9636,-0.39082,0.094193,0.16398,0.059561,2.5767,0.031259,0.60826,-0.000156,150.2879,0.45585,49.5011,12.5677,-866825.9145,-39579.2044,49.568,238372.2006,901756.4787,1840.2003,3848.0392,907.1997,1.8513,0.11576,94.159,0,0,0,0,0.003401,0.00067,0.001158,-0.00031,-0.000346,0.001306,l
0.60173,-22.167,3.3462,1,5,-356.85,6445.3632,-0.38645,0.18625,0.18202,0.062389,4.046,0.02906,0.69425,0.000838,148.5494,1.716,82.3675,9.9062,-824075.3363,-38256.046,62.6449,201617.6388,952745.4182,2325.67,3736.0041,924.0984,2.2557,0.14322,83.2496,0,0,0,0,0.003513,0.001215,0.000651,-0.000635,-0.000199,0.001351,l
0.68026,-10.2415,3.1329,1,5,-450,5694.7024,-0.30905,0.14597,0.070935,0.11487,3.0802,0.014825,0.76512,0.004798,155.7204,0.099791,-244.3013,16.7868,-353157.0382,-14623.2437,22.7866,300707.0457,985801.2999,1339.1881,3673.63,1082.109,1.47,0.089647,76.114,0,0,0,0,0.002938,0.000518,0.001257,-0.000083,-0.000462,0.001487,l
0.65175,-7.5326,3.1469,1,5,-305.0053,9073.3769,-0.38687,0.016055,-0.014419,0.072011,0.42572,-0.002404,0.82906,0.005994,156.4814,0.79112,-167.5571,12.8987,-271232.4945,-11609.1637,44.6403,287608.0108,979698.4276,1852.9799,3686.8046,1000.7134,1.8927,0.12423,95.5031,0,0,0,0,0.003417,0.000673,0.001088,-0.000312,-0.000327,0.001349,l
0.64095,-19.3421,3.0335,1,5,-406.35,8071.1179,-0.33942,0.19948,0.11744,-0.24936,5.0183,0.025979,-2.3168,0.013233,160.2206,1.8377,41.0646,17.9062,-684062.9499,-28031.188,32.4777,289887.9973,1242613.486,1732.79,3567.5643,1301.166,1.8144,0.10576,91.852,0,0,0,0,0.003208,0.000761,0.000818,-0.000279,-0.000263,0.001366,l
0.68795,-21.1184,3.2172,1,5,-425.8658,13577.5744,-0.39667,0.16726,0.072751,-0.063554,6.044,0.015966,-0.83564,0.007536,151.9986,0.98218,96.409,18.595,-753481.1473,-31338.4167,42.4115,261932.0912,1273604.919,1480.2298,3918.3936,1381.3502,1.6055,0.11634,118.3589,0,0,0,0,0.003548,0.000394,0.001793,0.000005,-0.000592,0.001413,l
0.64231,-28.8564,3.2085,1,5,-356.85,9950.0541,-0.49519,0.135,0.028765,-0.03391,3.6611,0.004817,-0.45279,0.013126,150.7123,1.2681,88.248,10.954,-1056413.62,-45297.2625,64.2998,273205.588,1215843.542,1785.2326,3476.384,1243.1938,1.8254,0.13992,103.791,0,0,0,0,0.003773,0.001279,0.001289,-0.000602,-0.000549,0.001651,l
0.67456,-33.1702,3.43,1,5,-450,9662.1288,-0.49001,0.22795,0.19983,-0.098761,6.8287,0.037572,-1.3421,0.001111,156.1242,0.97853,277.0477,12.0161,-1177348.776,-50885.3622,67.0623,217200.6801,864945.6953,1866.7641,3466.2961,967.5008,2.0881,0.14493,103.6898,0,0,0,0,0.0041,0.000782,0.000958,-0.00031,-0.000245,0.001357,l
0.70178,-17.7632,3.1923,1,5,-317.4157,7019.0263,-0.52124,0.033252,0.019406,0.084929,0.81149,0.003604,0.97459,0.004583,154.2749,-0.26943,-220.4252,12.8458,-652664.3687,-28536.781,66.8902,310318.6849,965876.7992,2015.1999,4103.4638,960.1161,2.0032,0.14309,85.6013,0,0,0,0,0.003713,0.000598,0.001024,-0.000178,-0.000407,0.001641,l
0.57856,-14.7651,3.2688,1,5,-249.75,3647.6984,-0.3729,0.065912,0.23942,0.020373,1.0079,0.035333,0.14911,0.003728,153.0658,2.1332,82.2005,11.4644,-556837.4182,-24144.4458,49.7449,191852.4307,548614.3784,1719.7757,3098.4563,548.6144,1.7198,0.12489,62.1455,0,0,0,0,0.003415,0.002133,0.001586,-0.001145,-0.000586,0.001322,l
0.64487,-14.9606,3.2577,1,5,-375.892,4655.0677,-0.29282,0.11099,0.23819,0.10766,2.2027,0.041675,0.68125,0.003045,158.4386,1.3402,29.3791,13.4813,-539703.8811,-23674.3327,28.2483,312359.8926,891034.7728,1577.2124,3873.9309,917.6465,1.6243,0.094397,69.8147,0,0,0,0,0.002938,0.000552,0.001097,-0.000166,-0.000289,0.001263,l
0.66781,-18.406,3.4374,1,5,-447.2526,6385.5349,-0.49488,0.26287,0.16717,-0.035146,6.75,0.035013,-0.4386,-0.004548,158.6097,1.5532,162.3665,14.4677,-672949.8923,-29530.8618,85.5975,256899.5791,961175.4034,2061.8084,3795.9327,1030.1987,2.2099,0.16495,81.9602,0,0,0,0,0.004188,0.000678,0.001108,-0.000242,-0.000329,0.001513,l
0.69121,-30.766,3.1641,1,5,-343.2789,7092.8331,-0.43901,0.18988,0.2928,0.010839,4.8072,0.069181,0.11787,0.009767,150.8133,2.0436,335.9065,17.8591,-1041492.904,-45047.0848,51.0287,283547.5419,916995.5609,1906.0935,3519.1369,991.3466,2.0606,0.13367,89.6198,0,0,0,0,0.003755,0.000672,0.001127,-0.00029,-0.000221,0.001555,l
0.68998,-31.4007,3.4113,1,5,-450,10415.9319,-0.46411,0.26497,0.071594,-0.035966,8.9453,0.015367,-0.51005,-0.000319,151.9392,0.35701,339.4278,13.445,-1115159.517,-48711.9814,67.8553,254013.654,1049394.275,1884.5613,3956.214,1154.4491,2.0732,0.1456,106.7262,0,0,0,0,0.004052,0.000664,0.000982,-0.000173,-0.000296,0.001496,l
0.71451,-15.7193,3.2533,1,5,-450,7723.0556,-0.50857,0.094309,0.040373,0.00693,2.5608,0.009293,0.077547,-0.000955,156.5064,-0.43522,-556.3901,16.3352,-563710.3762,-24687.9281,61.3514,303148.694,1048565.583,2035.3837,4409.9994,1086.5965,2.1092,0.13313,89.2309,0,0,0,0,0.003761,0.000249,0.000739,0.000177,-0.000309,0.001575,l
0.63551,-22.1839,3.2534,1,5,-373.9263,6982.7504,-0.45881,0.25306,0.25792,-0.015669,5.9252,0.044539,-0.16887,-0.001854,153.5356,1.6482,209.3401,13.6753,-806396.5294,-33867.1201,58.436,237629.9857,881622.0949,1928.4172,3525.4234,939.8956,2.0559,0.13447,86.4143,0,0,0,0,0.003818,0.00067,0.000978,-0.000267,-0.000264,0.001378,l
0.63231,-16.6001,3.2793,1,5,-425.5816,5499.9519,-0.46795,0.17825,0.16017,0.094819,3.7196,0.03962,0.89864,0.006452,155.6231,2.0495,9.9587,17.4192,-606387.9984,-26497.3201,62.4718,248672.4686,829830.2861,1614.0324,3659.7732,852.8574,1.6588,0.13359,75.9596,0,0,0,0,0.003741,0.000691,0.001425,-0.000318,-0.000732,0.001427,l
0.63977,-31.0419,3.271,1,5,-450,9771.481,-0.39956,0.11272,0.074,0.1712,3.3109,0.014375,2.0138,0.00829,155.0241,0.91889,313.7414,12.61,-1115196.994,-49271.7249,51.2682,262898.4492,906101.4166,1601.2697,3751.8109,934.1252,1.6508,0.12324,103.5616,0,0,0,0,0.003551,0.000659,0.001478,-0.000299,-0.000583,0.00148,l
0.65851,-17.5148,3.2615,1,5,-326.3921,6540.7618,-0.35746,0.089587,-0.085365,0.11883,2.1684,-0.016868,1.039,0.014531,149.8302,0.44196,-286.8723,13.9893,-640337.3985,-29433.6203,42.6133,297727.2357,1018262.872,1529.6693,4034.6682,988.6047,1.4851,0.111,82.7114,0,0,0,0,0.003168,0.000609,0.001756,-0.00021,-0.000951,0.001385,l
0.59285,-22.8868,3.1137,1,5,-450,7312.798,-0.31719,0.19453,-0.030324,-0.18941,4.5722,-0.004926,-0.75689,0.002718,141.1055,1.7899,223.7636,6.2975,-851672.4951,-39212.617,17.8793,358693.2295,928477.6245,785.0365,3762.3867,844.0706,0.71367,0.04786,88.487,0,0.00273,-0.000039,0,0.002219,0.001228,0.00307,-0.000771,-0.001807,0.001217,l
0.63168,-17.6505,3.1698,1,5,-450,7553.0257,-0.3377,0.16415,0.33232,0.085975,3.8686,0.044954,0.70138,0.007143,153.9507,2.2213,-9.4266,11.7198,-623033.5531,-28043.855,31.8137,301987.5036,1129591.83,1370.5467,3964.5906,1127.3372,1.3678,0.095934,88.6399,0,0,0,0,0.002993,0.000616,0.001856,-0.000236,-0.000986,0.001073,l
0.61478,-10.7714,3.2162,1,5,-288.5447,4981.9029,-0.42008,-0.003394,0.27385,0.009243,-0.056432,0.035166,0.060811,0.002321,148.4565,2.4916,-67.3568,11.569,-383514.0202,-18664.121,38.761,324507.6236,1012262.89,1565.2607,3307.9518,939.8913,1.4534,0.095813,71.3674,0,0,0,0,0.002954,0.00086,0.001429,-0.00052,-0.000667,0.001247,l
0.62848,-16.8617,2.972,1,5,-251.7868,4127.3983,-0.42844,0.1273,0.001645,0.059348,1.9467,0.000271,0.28477,0.000536,139.2435,0.51225,207.9552,14.948,-607168.3367,-25419.5649,26.949,333177.1561,736910.5642,1380.2776,3462.5125,726.7363,1.3612,0.076763,66.3901,0,0.000987,0,0,0.002857,0.000754,0.000987,-0.000362,-0.000557,0.001352,l
0.65254,-10.5386,3.3507,1,5,-447.7026,12484.0405,-0.36134,0.19757,-0.1162,0.048427,5.6887,-0.022897,0.47361,0.013974,159.5744,0.50605,-204.6873,14.9193,-369310.4883,-17752.9978,30.4994,360915.4333,1291316.034,1371.4673,3679.7265,1284.8916,1.3646,0.08934,112.1725,0,-0.000996,0,0,0.002887,0.000587,0.002483,-0.000211,-0.001247,0.001461,l
0.80809,-28.8996,3.3437,1,6,-380.1788,13450.2429,-0.45949,-0.076951,-0.021099,0.019329,-2.3315,-0.005236,0.21284,0.009952,149.5985,0.52557,-125.8434,25.1754,-871941.5037,-40705.7293,26.4911,313500.5006,1407558.58,1185.0825,3233.3199,1671.6848,1.4075,0.096736,119.4548,0,-0.001189,0,0,0.003281,0.000362,0.001644,0.000022,-0.000725,0.001838,l
0.70477,-20.5434,3.7376,1,6,-426.5289,4902.883,-0.46318,0.13239,0.2244,-0.075859,2.6561,0.085788,-0.48776,0.005056,120.2126,0.89748,297.8068,20.6307,-754074.1437,-45282.3232,53.4694,334456.2126,1287909.175,1797.4114,4973.0547,1092.3742,1.5245,0.094941,72.9435,0,0,0,0,0.002844,0.00038,0.001186,-0.000047,-0.000622,0.0016,l
0.64404,-9.4942,3.4593,1,6,-379.6342,4123.5438,-0.49793,0.11758,0.15657,0.10872,2.2644,0.047348,0.77256,-0.002575,111.102,0.92743,-167.4956,16.5354,-350825.5999,-20436.6365,80.5602,356077.0156,1202652.397,2415.1574,5608.8571,966.7624,1.9414,0.11678,64.8873,0,0,0,0,0.003087,0.000453,0.001,-0.000084,-0.000409,0.00151,l
0.64455,-2.6776,3.1313,1,6,-234.3789,2646.6692,-0.36648,-0.010536,0.25982,0.079071,-0.13613,0.076971,0.45368,-0.01453,101.6913,1.1474,-330.1304,13.0719,-97878.1397,-5393.1187,63.4458,379026.8357,960615.017,2300.2381,5571.897,746.979,1.7887,0.11585,51.4954,0,0.001556,0,0,0.002878,0.000476,0.001058,-0.000012,-0.000594,0.001319,l
0.80803,-32.3244,3.4517,1,4,-450,38487.8961,-0.56223,0.13766,0.27119,0.063862,7.5891,0.041829,2.2647,-0.02434,151.1687,-0.28749,-11.0988,3.5407,-1221206.716,-53305.3984,133.3411,202684.0869,1654075.828,3260.7692,4511.2975,1732.0166,3.4144,0.19793,198.7271,0,0,0,0,0.004552,0.000534,0.000356,0.000058,0.000441,0.001617,x
0.81578,-9.726,3.568,1,5,-450,16561.1784,-0.4006,0.11109,0.23541,-0.052596,3.8544,0.039983,-1.33,-0.036918,140.4253,0.17494,320.6011,6.0629,-365634.1873,-17741.4285,192.9254,219633.268,1230148.446,3689.8479,4718.3718,1203.6678,3.6104,0.22306,128.9945,-0.000078,-0.000979,0,0,0.004582,0.001402,0.00069,-0.000079,0.000241,0.001548,x
0.79363,-10.8394,3.5992,1,5,-450,26913.598,-0.48015,0.10512,0.2864,-0.087872,4.9723,0.058846,-2.1189,-0.014062,140.9108,-1.0506,-132.4408,9.1189,-395449.7394,-20355.3986,154.2146,257650.4004,1633331.531,2857.5192,4662.1602,1565.9938,2.7397,0.16831,164.3329,0.000076,0,0,0,0.004267,0.000709,0.000832,-0.000143,0.000115,0.001549,x
0.70285,-8.3102,3.4466,1,5,-450,19070.5693,-0.3812,0.20972,0.042127,0.007332,8.4423,0.010167,0.13467,-0.005028,136.1239,0.61905,145.5857,12.9123,-306582.8054,-15387.8177,54.7063,289998.4895,1595996.287,2395.2539,4525.9663,1486.0301,2.2302,0.13618,138.2819,0,0.000932,0.000098,0,0.003219,0.001029,0.000442,-0.000407,-0.000144,0.001562,x
0.64656,-38.0789,3.7399,1,5,-450,10318.2031,-0.34825,0.18177,-0.29878,-0.032265,4.9425,-0.061758,-0.30174,-0.012806,143.4469,-2.9373,26.9295,9.0758,-930388.9061,-45180.1574,25.12,165771.8106,772276.4695,932.4731,2395.9096,1218.1017,1.4708,0.094398,108.4063,0,-0.00158,0.000085,0,0.004096,0.00047,0.001095,0.000297,-0.000421,0.00244,x
0.72281,-5.0897,3.0923,1,5,-450,26432.4473,-0.44237,0.17187,0.31944,0.002104,7.8412,0.077579,0.045463,-0.026271,140.4537,1.9012,-46.4845,16.0046,-183475.4485,-8652.3889,56.722,358913.4957,2049706.816,2604.1746,5339.0372,1865.0653,2.3696,0.13694,162.5863,0,0.002732,-0.000008,0,0.003278,0.00036,0.000513,0.000162,-0.000062,0.001387,x
0.69902,-3.5132,3.7542,1,5,-268.1525,9797.3473,-0.43737,0.00381,0.284,-0.016479,0.109,0.050016,-0.25023,-0.037441,140.1634,1.0239,-38.1966,7.1299,-132627.4496,-6545.0871,85.5252,208732.4662,907704.5276,2976.3094,4238.0593,915.0247,3.0003,0.16006,98.994,0,0,0,0,0.003849,0.001157,0.000707,-0.000252,0.000362,0.001399,x
0.73494,4.432,3.6721,1,6,-450,20403.3555,-0.47016,-0.034353,0.13954,-0.007288,-1.3892,0.03541,-0.18534,-0.037515,147.856,-0.97377,-344.1392,14.1885,165496.0675,8881.858,118.2673,318240.1897,1855637.102,3950.5235,5274.2614,1700.8589,3.621,0.18749,142.8436,0,0,0,0,0.003818,0.000975,0.000441,-0.000119,0.000408,0.00146,x
0.7204,-4.2367,3.7848,1,5,-441.5211,17709.3084,-0.45534,0.14639,0.29548,-0.069555,5.5676,0.052551,-1.4858,-0.027902,134.2539,0.96259,-8.4253,6.7049,-160799.0293,-8109.7263,97.6295,197850.697,1190314.608,3343.6502,4572.5596,1177.3636,3.3073,0.16835,133.078,-0.000869,0.004482,0,0.000124,0.0039,0.000564,0.000225,-0.00004,0.000428,0.001784,x
0.7685,-43.4844,3.8682,1,6,-450,18341.2119,-0.54515,0.12131,0.14797,-0.041539,4.5317,0.036019,-0.9305,-0.021503,123.8937,0.003,980.711,13.5295,-1565359.238,-87005.1041,116.3297,239706.3364,2003259.31,3431.815,4913.0284,1937.3881,3.319,0.17525,142.1772,0.000432,-0.001936,-0.000251,0.00031,0.003962,0.000435,0.000319,0.000096,0.000384,0.001628,x
0.75405,-2.8608,3.9997,1,6,-433.9184,14787.6866,-0.56402,0.021321,0.33859,-0.092382,0.74046,0.064316,-1.9132,-0.03283,135.3632,0.2759,76.0913,6.6769,-108159.0383,-5844.2024,145.1036,191670.3329,1117832.735,3303.731,4553.1829,1094.8411,3.2358,0.18444,121.5787,0.00002,0.00098,0,0,0.004196,0.001773,0.000778,-0.0004,0.000266,0.001712,x
0.71294,-14.3216,3.9969,1,6,-450,11000.3378,-0.41848,-0.11545,0.25892,-0.076175,-3.6689,0.046362,-1.1994,-0.020066,126.5404,0.48231,260.2536,8.1652,-541501.1562,-31582.8948,128.3964,191592.7755,1147663.274,3216.5815,4986.9362,1040.4925,2.9162,0.16096,105.8087,0,-0.000907,0,0,0.003774,0.001606,0.001056,-0.000423,0.000027,0.001335,x
0.7611,-10.2828,3.904,1,6,-293.85,7747.3897,-0.56768,0.15496,0.29924,-0.02268,3.932,0.061267,-0.35629,-0.033509,126.8194,0.22565,136.3909,10.4905,-384758.8392,-21908.2691,157.7702,224073.7103,957463.7831,3748.6189,5010.1428,877.602,3.4359,0.19316,88.5778,0,0,0,0,0.004026,0.001642,0.000634,-0.000379,0.000235,0.001672,x
0.75932,-13.8134,4.0616,1,6,-450,7744.9508,-0.4419,0.013936,0.20371,-0.040417,0.35635,0.056181,-0.50291,-0.03756,149.1865,-0.20849,45.7046,18.0693,-504252.4407,-28571.1286,81.2973,307306.1101,1227270.835,2833.5109,4664.1788,1205.5706,2.7834,0.14669,89.0402,0,0.000983,0,0,0.003624,0.000548,0.000457,-0.000001,0.00025,0.001574,x
0.69014,-4.7747,3.7589,1,5,-297.4737,9711.037,-0.50328,0.23219,0.32728,0.025547,6.7703,0.060708,0.41264,-0.027159,136.3986,1.0961,68.4739,9.2436,-179449.8958,-9498.632,110.3961,202376.8148,1113593.494,3544.9069,4663.8668,1052.5458,3.3506,0.17298,98.6137,0,0,0,0,0.003849,0.001546,0.000396,-0.000351,0.000415,0.001484,x
0.72324,-9.3702,3.8895,1,5,-448.0816,10845.7486,-0.398,0.14266,0.27543,0.020571,4.5641,0.053864,0.30506,-0.029766,147.9575,0.19563,51.5502,10.0689,-347994.3658,-18432.3231,80.5286,277659.4389,1233390.667,2934.4589,4718.6149,1219.971,2.9025,0.1481,104.5123,0,0,0,0,0.003683,0.000518,0.00058,0.000049,0.000265,0.001446,x
0.66198,-14.3795,3.7002,1,5,-243.4025,4464.9531,-0.48765,0.11244,0.33054,-0.005624,2.0904,0.060561,-0.061171,-0.023529,135.9652,1.2078,69.7956,10.0605,-535048.4565,-28026.4966,110.8914,197672.6292,808310.5203,3430.6398,4623.5982,767.6263,3.258,0.17237,68.319,0,0,0.00003,0,0.003887,0.000634,0.000611,-0.000026,0.000299,0.001468,x
0.68834,-10.6012,3.8315,1,5,-450,7718.0324,-0.4106,0.19082,0.18492,-0.043047,4.5431,0.031568,-0.55097,-0.029874,123.8685,0.16194,77.4495,9.142,-392712.0371,-21091.1425,84.7806,241114.5311,1163180.814,3025.5498,4260.3013,1120.5981,2.9148,0.15173,88.4476,0,0,-0.000018,0,0.003651,0.001287,0.000529,-0.000479,0.000292,0.001397,x
0.761,-26.6605,3.5169,1,5,-450,12841.7637,-0.58295,0.13446,0.17543,-0.02169,4.5787,0.037465,-0.45303,-0.029829,132.4495,-0.58071,319.355,10.0183,-963705.2681,-53327.7112,141.7208,322140.6433,1620028.961,4180.7553,5568.3716,1424.8276,3.677,0.19738,116.3669,0,0,-0.000038,0,0.00386,0.000739,0.000431,-0.000138,0.000375,0.001526,x
0.75137,-7.8517,3.7796,1,5,-450,10000.8411,-0.54392,0.066041,0.21694,-0.10139,1.7296,0.034052,-1.5915,-0.03084,142.8224,-0.32006,130.9665,7.6603,-290436.7052,-16611.3891,132.8802,303693.5222,1416689.676,3458.0044,4755.6012,1266.0319,3.0903,0.16899,100.2674,0,0,0,0,0.0038,0.001719,0.000714,-0.000456,0.000193,0.001356,x
0.74686,-18.5565,3.7868,1,5,-450,18677.4424,-0.58098,0.17028,0.34097,-0.042532,6.7388,0.073199,-0.96585,-0.025567,129.5136,0.62372,165.8405,10.1638,-685353.4402,-36628.4948,122.9878,215621.8771,1439462.994,3286.2412,4740.4813,1381.4424,3.1538,0.17739,137.8545,0,0,0,0,0.004005,0.000687,0.000559,-0.000106,0.000253,0.001291,x
0.78091,-23.5571,3.585,1,6,-407.4394,10977.0437,-0.74759,0.005728,0.20308,0.022582,0.16442,0.043465,0.48609,-0.031393,124.1062,-0.41601,375.7567,11.9123,-854819.2058,-47356.7321,166.0248,313297.0522,1971336.963,4522.9291,5411.1186,1758.5522,4.0347,0.22134,107.3415,0,-0.000893,0,0,0.004039,0.000696,0.000471,-0.000113,0.000395,0.001625,x
0.72678,-20.8778,3.8172,1,6,-382.5474,7852.864,-0.56555,0.13903,0.32339,-0.003418,3.6343,0.076302,-0.057315,-0.036026,117.4139,1.426,104.7479,11.89,-759150.1628,-42895.7449,142.432,212944.3027,1117894.731,3856.0655,5189.013,1038.9356,3.5837,0.20144,91.0025,0,0.00093,0,0,0.004008,0.001098,0.000634,-0.000297,0.000213,0.001672,x
0.70879,-9.9819,3.6824,1,5,-306.4263,5979.7125,-0.56286,0.16896,0.33469,0.021071,3.7567,0.068232,0.32941,-0.043147,116.3265,0.18635,140.5664,6.1751,-376643.441,-21420.6248,179.2173,203713.0734,919464.7093,4807.6694,5816.8947,789.2401,4.1268,0.21866,77.9373,0,0,0,0,0.003929,0.001266,0.000506,-0.000159,0.000368,0.001516,x
0.65367,-14.7336,3.7008,1,5.6842,-313.4605,3363.2731,-0.42906,0.086504,0.29473,0.029436,1.4397,0.064473,0.28857,-0.032893,112.5273,0.65123,135.5949,6.638,-546101.5346,-32484.0821,124.179,198923.4511,718115.7339,3987.5653,5452.3541,602.9519,3.3481,0.17811,59.8124,0,0,0.000042,0,0.003531,0.001015,0.000693,-0.000218,0.000181,0.001505,x
0.70398,-32.7626,3.5344,1,5,-450,9756.2487,-0.52668,-0.025977,0.17818,-0.064973,-0.67569,0.032155,-1.2289,-0.039848,100.3951,-0.44839,289.1524,7.4717,-1119253.039,-65917.1697,149.1775,214680.2659,1374121.555,3993.8396,4982.0907,1207.4882,3.5095,0.20526,104.0243,0,0.00088,-0.000036,0,0.003898,0.001275,0.00068,-0.000437,0.00006,0.001364,x
0.80908,-16.7264,3.5342,1,6,-450,10367.0108,-0.60842,0.091159,0.093275,-0.026415,2.6501,0.02014,-0.49561,-0.037598,142.9741,-0.89292,209.7233,10.9678,-581464.5076,-33828.1172,159.9998,394339.9452,1490157.416,4270.6164,6154.8406,1302.5852,3.7331,0.20046,103.1393,0,-0.000875,-0.000013,0,0.003938,0.000055,0.000132,0.000322,0.000394,0.001501,x
0.78175,-18.3191,3.5598,1,5,-450,8138.9775,-0.62546,0.082807,0.35094,-0.073076,2.0669,0.077626,-1.1968,-0.029153,151.0094,1.353,-309.0774,14.583,-656484.5656,-36991.3961,128.9147,398747.7045,1452314.219,4056.3217,5262.2711,1280.7004,3.577,0.19236,92.0184,0,0,0,0,0.003776,0.000475,0.00036,-0.000019,0.000265,0.001376,x
0.76592,-8.146,3.5566,1,7,-449.7868,7831.4342,-0.56919,-0.10521,0.20006,0.11505,-3.0106,0.080155,2.0465,-0.027219,130.8833,2.1514,-373.8493,15.1354,-294122.6608,-17144.311,162.4589,390131.417,1699208.249,4847.2698,6953.0584,1436.3552,4.0974,0.21523,88.8323,0,0.002538,0,0,0.003816,0.000353,0.00032,0.000192,0.000397,0.001697,x
